{
    "type": "svm_sgd",
    "dim": 129,
    "weights": [
        [
            0.5184759538314845,
            0.5971593185594014,
            -0.8378617999191578,
            0.5271168158168397,
            -0.1959142659557261,
            -1.168868427027479,
            -0.8539094781851577,
            -1.0129652350645064,
            0.39941233045971664,
            -0.1278845339585478,
            -1.7048376161955854,
            -1.9260988736576115,
            0.3326671491551473,
            0.5240611587660322,
            -1.7033094096858103,
            -0.6986949213850334,
            -0.4709697523431521,
            0.10088172072513728,
            2.271525977799064,
            -0.4075727518950974,
            0.3522980674816738,
            -0.5417597772496995,
            0.636999424807838,
            -0.4870128088545428,
            1.003518721660917,
            0.06781685640736462,
            1.2525733499606349,
            -0.7998738438630043,
            2.4401320063520058,
            0.9504429204782339,
            0.5169625951977193,
            -0.2438951030975061,
            -0.3701710584030008,
            0.19622685071450083,
            -0.3186312277043257,
            1.29627292328057,
            1.6298360250096147,
            -1.6880101884563699,
            -0.27124152491855785,
            -0.6937784484288979,
            -0.7893194223065826,
            -1.9056488412847556,
            0.042424465286597234,
            -1.4638193939460027,
            1.244705040786902,
            1.0091856422474874,
            0.3634463536352077,
            0.848095651549781,
            0.4508971156476711,
            0.7814712824213104,
            -0.6157568612133254,
            1.8577448675283923,
            0.2522116007624612,
            -2.3093866736923663,
            -1.5167472050356094,
            -1.2189666931411007,
            -0.5617743016640311,
            0.2409278045753407,
            0.3301141090331889,
            -1.1366976658153203,
            -0.07883052020913127,
            0.45494471676410125,
            0.002936168760276456,
            0.3034953389063123,
            1.1365299221071135,
            -1.0343799183729043,
            1.4295477404020784,
            -1.526144142599726,
            -0.7727378494943127,
            2.456563004640316,
            -0.9793297666642988,
            -0.283494201965802,
            1.7319703271123896,
            0.2530887869129682,
            1.2237423313884048,
            0.8912422485262833,
            1.3234317465816328,
            -1.6382721222401557,
            1.0686748667133026,
            0.01739520970046101,
            0.0030123516641179003,
            -1.5874833923072207,
            -2.301987502738722,
            0.7177666907046276,
            0.1352188290165796,
            1.822979268970156,
            -0.04652283926463129,
            1.9353023981519328,
            0.34496376034473397,
            -0.5618267395990536,
            1.8962415648464663,
            -0.7280670621231354,
            1.4257764375351996,
            -0.9299402556654065,
            0.6665394044499694,
            2.753953751156471,
            -2.5341664295641055,
            -0.3170725446985985,
            0.2849861625911037,
            0.04156159209615427,
            0.019763076987579654,
            -0.5253023834736331,
            -1.2762916599141667,
            -1.5065101965659105,
            -2.053560451414588,
            -1.7190588587803495,
            -0.8311546457668696,
            -0.26029035168641723,
            -0.13067064032477863,
            1.738322471112321,
            1.3243176025818686,
            0.13282598825984335,
            -2.0722914560405545,
            0.5908100931916666,
            -0.3193726498078196,
            1.6660847950900228,
            0.4883725888029945,
            -2.0389563691830555,
            -0.5893999413282008,
            -0.6326037747741536,
            2.928753969470838,
            2.1165554126435664,
            0.8291772653800582,
            -0.04460045476364527,
            0.8293017939887433,
            -0.46161848037718173,
            0.5818951460430676,
            1.8319926074817316,
            -0.932045416031185
        ],
        [
            -0.8305255405724321,
            0.7414445420917699,
            0.13564842324968426,
            0.3119638566596227,
            -0.8729644923024465,
            1.0001583427716472,
            -0.023360711780610496,
            -0.3451700803580897,
            -0.22502406811822334,
            -0.16380820759454984,
            0.3399880223444574,
            -0.32173137215095954,
            -1.0682619926065933,
            1.6725224522488773,
            0.5292910523362715,
            1.0631349552542393,
            -0.06710996183299067,
            -0.7061080548993427,
            -0.994744097862643,
            1.0662794882082332,
            0.293221267794539,
            1.1978468836231106,
            -0.6218662202696454,
            -0.9447631100241527,
            -2.422791661189672,
            -1.0597436658335926,
            -1.433091933251556,
            0.8117267115168393,
            -0.2627045381336235,
            0.4014637754560111,
            -1.31976077959237,
            -0.7933135569802865,
            -0.8146748532338681,
            0.32057977583907066,
            -0.9536850649061963,
            -1.4936554654732261,
            -1.5075487970466932,
            2.2383600076243786,
            1.091230757920044,
            -0.3133813067283256,
            -0.3291266673837845,
            2.5687382918808894,
            -0.714368932241688,
            1.3454365282781304,
            -1.6080223190671352,
            -1.1353973438880038,
            -0.7325436815580638,
            0.269285857337294,
            0.21560784876181527,
            -2.4742635030981686,
            0.27922522680824513,
            -2.7840674462484056,
            -1.242769676273271,
            2.5434830902437557,
            0.03688349315928554,
            2.0040844842754897,
            -0.05680954674005114,
            -0.07023767765258733,
            0.5815300727273798,
            -0.3076004177728546,
            0.5285775286502841,
            -0.5487326002776123,
            -1.9966228689277625,
            0.9761986346718546,
            0.005993265621935225,
            -1.760828392136991,
            -1.446529843445706,
            1.5561736676408675,
            0.4333722107627256,
            -2.336542351261745,
            -0.3738559095205758,
            0.2873734022252586,
            -0.5312352382479614,
            -1.4097983353395205,
            -2.0305941614891023,
            -1.3305995272360494,
            -0.39485365375402653,
            0.16367355862104346,
            0.7823475968023833,
            0.25551268541453687,
            -0.7032497087521474,
            2.8493628818194217,
            0.7346750834927619,
            -0.28353932189331116,
            0.4732440986681165,
            0.34525738421503976,
            -0.8693689675950136,
            0.48937027742764666,
            -0.7647012036574921,
            -0.7651666974930079,
            -0.9935566858580763,
            0.4348458104806077,
            0.1589858235875746,
            1.0914511897290597,
            0.5036750726746663,
            -2.927495467131273,
            3.428410749729056,
            0.4840196520383127,
            0.4688227019195012,
            0.9550784345275589,
            -2.008667591135119,
            -0.8931300383911577,
            0.32542208194623734,
            -0.3114403507068302,
            0.011171525494428333,
            1.319515528558115,
            -0.7575472472911479,
            -0.5653540055728823,
            0.4356888580940169,
            0.3966216079659194,
            -0.05743864630336878,
            -0.5235589812140803,
            4.3424253700312425,
