{
    "type": "svm_sgd",
    "dim": 129,
    "weights": [
        [
            0.19752536325836037,
            0.247379684204579,
            1.1630351983528016,
            -0.009323996684307865,
            1.0087357122255545,
            0.9306437012693866,
            -0.473282088372095,
            0.17465820215941436,
            -0.3497840433947284,
            0.7886034577471259,
            -0.09424417979769145,
            -1.075560048079939,
            -1.8325679959439343,
            1.0969179365356425,
            0.5656474664374909,
            0.9697022115895061,
            0.11905958813028286,
            -0.551920006833379,
            -0.014167561509142657,
            -0.5891562738703175,
            -0.8894089374233025,
            1.2329334751627345,
            -1.0548561337960294,
            -0.1816622678260787,
            0.08122848064468384,
            -0.23743351726959777,
            -0.4498632026645279,
            0.10358600656697926,
            0.4584524378176739,
            0.08189242873516639,
            -0.8758092217956326,
            -0.33071331500053697,
            -0.5648674955382816,
            -0.3878860836200915,
            -0.8752753519639536,
            -1.0440190022965214,
            -0.37541841893335814,
            0.72258734610949,
            0.3045931933101397,
            -0.3260379002959633,
            0.772072367317926,
            0.14742254959446582,
            -0.0028523571712462184,
            -0.3630133392895686,
            0.2829431801147116,
            0.06290182633944283,
            -0.3028888876781757,
            -1.0304899596912986,
            -0.14980950197462425,
            0.023511372406335575,
            0.49411363169375744,
            -0.6727987071393144,
            -0.038208490203937545,
            0.01090301219354364,
            0.3139964846300957,
            0.3875529367350313,
            -0.522431895808824,
            -0.5455905182922952,
            -1.040350637563863,
            0.587793471040199,
            0.7770284343728223,
            -0.40927087615294866,
            0.6764471522142559,
            0.14274160994979576,
            0.5600348639085704,
            -0.047079700151809116,
            -0.3887265955527231,
            0.9022182749617021,
            0.33236692359020786,
            -0.5598452012723275,
            -1.158793987112394,
            0.06027865601258035,
            -0.436091482451723,
            -1.2107425119342967,
            0.6120846878239626,
            -0.36963128996435946,
            0.635318018115879,
            0.19406595806899035,
            0.4568495835379636,
            -0.45828833810600234,
            0.23344434825373245,
            0.4406310537107415,
            -0.8324119917111983,
            -0.4313161972706643,
            0.822785682132648,
            -2.1941632764273002,
            -0.5932623431972773,
            -0.5620875894089651,
            0.08772854919160843,
            -1.4349956489225066,
            0.43840835107710896,
            -0.2607096123182015,
            -1.5100478094448118,
            -0.37019725514548685,
            -0.007516383505265404,
            0.23983274928623308,
            0.07662190584441514,
            -0.7250098854586001,
            1.0743071966125173,
            0.38058924968423197,
            0.14883278159270336,
            -0.15978870797380895,
            -0.5921740175518341,
            -0.14791026709535587,
            -0.3623329043698859,
            -0.2547952508101244,
            -0.038802135047639685,
            0.24608691104073638,
            0.3041670729676133,
            -0.018882584401921646,
            0.3909801784233615,
            -1.2787971942468872,
            -0.9900683225120692,
            -0.5654370662692083,
            -0.488707185413775,
            0.7360954209760788,
            -0.26730256359742655,
            -0.008864648382653188,
            -0.9805626488498875,
            -1.5366510214975202,
            0.5658607802930653,
            0.4931696058406779,
            -1.2334080033696184,
            -0.044656722249870676,
            0.429532182381809,
            -0.1298911742695145,
            -0.10278480528745153,
            -0.1892472602719992,
            0.5642431081734555
        ],
        [
            -0.19752536325836037,
            -0.247379684204579,
            -1.1630351983528016,
            0.009323996684307865,
            -1.0087357122255545,
            -0.9306437012693866,
            0.473282088372095,
            -0.17465820215941436,
            0.3497840433947284,
            -0.7886034577471259,
            0.09424417979769145,
            1.075560048079939,
            1.8325679959439343,
            -1.0969179365356425,
            -0.5656474664374909,
            -0.9697022115895061,
            -0.11905958813028286,
            0.551920006833379,
            0.014167561509142657,
            0.5891562738703175,
            0.8894089374233025,
            -1.2329334751627345,
            1.0548561337960294,
            0.1816622678260787,
            -0.08122848064468384,
            0.23743351726959777,
            0.4498632026645279,
            -0.10358600656697926,
            -0.4584524378176739,
            -0.08189242873516639,
            0.8758092217956326,
            0.33071331500053697,
            0.5648674955382816,
            0.3878860836200915,
            0.8752753519639536,
            1.0440190022965214,
            0.37541841893335814,
            -0.72258734610949,
            -0.3045931933101397,
            0.3260379002959633,
            -0.772072367317926,
            -0.14742254959446582,
            0.0028523571712462184,
            0.3630133392895686,
            -0.2829431801147116,
            -0.06290182633944283,
            0.3028888876781757,
            1.0304899596912986,
            0.14980950197462425,
            -0.023511372406335575,
            -0.49411363169375744,
            0.6727987071393144,
            0.038208490203937545,
            -0.01090301219354364,
            -0.3139964846300957,
            -0.3875529367350313,
            0.522431895808824,
            0.5455905182922952,
            1.040350637563863,
            -0.587793471040199,
            -0.7770284343728223,
            0.40927087615294866,
            -0.6764471522142559,
            -0.14274160994979576,
            -0.5600348639085704,
            0.047079700151809116,
            0.3887265955527231,
            -0.9022182749617021,
            -0.33236692359020786,
            0.5598452012723275,
            1.158793987112394,
            -0.06027865601258035,
            0.436091482451723,
            1.2107425119342967,
            -0.6120846878239626,
            0.36963128996435946,
            -0.635318018115879,
            -0.19406595806899035,
            -0.4568495835379636,
            0.45828833810600234,
            -0.23344434825373245,
            -0.4406310537107415,
            0.8324119917111983,
            0.4313161972706643,
            -0.822785682132648,
            2.1941632764273002,
            0.5932623431972773,
            0.5620875894089651,
            -0.08772854919160843,
            1.4349956489225066,
            -0.43840835107710896,
            0.2607096123182015,
            1.5100478094448118,
            0.37019725514548685,
            0.007516383505265404,
            -0.23983274928623308,
            -0.07662190584441514,
            0.7250098854586001,
            -1.0743071966125173,
            -0.38058924968423197,
            -0.14883278159270336,
            0.15978870797380895,
            0.5921740175518341,
            0.14791026709535587,
            0.3623329043698859,
            0.2547952508101244,
            0.038802135047639685,
            -0.24608691104073638,
            -0.3041670729676133,
            0.018882584401921646,
            -0.3909801784233615,
