{
    "type": "svm_sgd",
    "dim": 47,
    "weights": [
        [
            -0.7625826131164216,
            0.5083884087442775,
            -3.304524656837829,
            0.33892560582951986,
            2.0335536349771357,
            0.6778512116590433,
            -0.9320454160311847,
            -0.5083884087442792,
            0.08473140145737758,
            0.2541942043721404,
            0.08473140145737838,
            0.7625826131164273,
            -9.436815749173945e-16,
            -0.25419420437214046,
            0.3389256058295212,
            -0.5931198102016626,
            1.2709710218606978,
            -0.5931198102016619,
            -0.9320454160311794,
            -0.5083884087442864,
            -0.5931198102016662,
            0.8473140145737982,
            -0.9320454160311952,
            0.33892560582952125,
            0.5083884087442773,
            -0.16946280291475968,
            0.08473140145737712,
            -0.33892560582952075,
            -0.67785121165904,
            0.3389256058295189,
            0.08473140145737852,
            0.08473140145737976,
            -0.33892560582951825,
            0.08473140145738145,
            0.4236570072869045,
            -0.25419420437214246,
            -0.16946280291475993,
            -0.3389256058295206,
            5.68941088859579e-16,
            -0.08473140145738194,
            -0.16946280291475985,
            -0.6778512116590423,
            0.25419420437214474,
            -0.42365700728690164,
            1.0167768174885603,
            -0.42365700728690164,
            -0.254194204372142
        ],
        [
            0.42365700728690114,
            -0.7625826131164261,
            1.4404338247754567,
            0.677851211659039,
            -1.0167768174885563,
            -1.440433824775451,
            0.5931198102016609,
            0.25419420437214285,
            -0.33892560582952114,
            -0.2541942043721414,
            -0.5931198102016594,
            -8.465450562766819e-16,
            0.1694628029147574,
            -0.5083884087442833,
            -0.5083884087442806,
            0.1694628029147617,
            -0.6778512116590432,
            0.16946280291476334,
            0.16946280291476185,
            1.016776817488556,
            -1.6946280291476024,
            0.33892560582952036,
            0.5931198102016612,
            -0.16946280291476068,
            -0.5083884087442829,
            -0.254194204372142,
            0.42365700728690214,
            -0.7625826131164237,
            -0.08473140145738058,
            -0.6778512116590385,
            0.42365700728689987,
            0.1694628029147619,
            -0.5083884087442809,
            -0.16946280291476198,
            -0.2541942043721402,
            0.16946280291476018,
            0.6778512116590463,
            -0.7625826131164174,
            -0.3389256058295216,
            0.08473140145738163,
            -0.08473140145737924,
            0.6778512116590439,
            -0.5083884087442802,
            0.08473140145738278,
            -0.8473140145737978,
            0.2541942043721398,
            -0.33892560582951775
        ],
        [
            -0.08473140145738335,
            -0.3389256058295186,
            0.08473140145738194,
            -2.372900638902148e-15,
            -0.9320454160311847,
            0.42365700728690187,
            0.42365700728690003,
            0.2541942043721407,
            0.16946280291475985,
            -0.3389256058295227,
            0.2541942043721436,
            -1.18623962040333,
            -0.6778512116590437,
            0.2541942043721426,
            -0.5083884087442797,
            0.08473140145737984,
            -3.2197932553804516,
            1.2709710218607,
            1.5251652262328426,
            -0.42365700728689965,
            2.6266734451787648,
            -2.626673445178762,
            0.5083884087442831,
            -0.6778512116590423,
            -0.5083884087442838,
            0.25419420437213913,
            -0.8473140145738055,
            0.4236570072869073,
            0.6778512116590365,
            -0.25419420437214124,
            -0.8473140145737935,
            -0.5083884087442762,
            0.08473140145737978,
            0.08473140145737842,
            0.25419420437214063,
            0.08473140145737815,
            -0.508388408744284,
            -0.33892560582952125,
            -0.08473140145738106,
            0.5083884087442821,
            -0.8473140145737964,
            -0.25419420437214046,
            -0.08473140145737856,
            0.7625826131164246,
            -1.1862396204033276,
            0.33892560582952025,
            -0.42365700728690014
        ],
        [
            -1.3557024233180803,
            0.4236570072868999,
            -1.355702423318082,
            0.08473140145737862,
            -0.6778512116590438,
            1.0167768174885636,
            -0.423657007286903,
            0.762582613116423,
            0.7625826131164256,
            -1.0167768174885623,
            -0.6778512116590474,
            -0.3389256058295183,
            0.4236570072869003,
            -1.3557024233180741,
            -0.33892560582952297,
            -0.5931198102016569,
            -0.4236570072869004,
            0.1694628029147605,
            -0.6778512116590386,
            -0.2541942043721384,
            -0.6778512116590457,
            -1.3305066250576456e-15,
            -0.5931198102016596,
            -0.3389256058295212,
            -0.25419420437213963,
            0.25419420437214146,
            -1.694628029147595,
            0.7625826131164152,
            -0.1694628029147616,
            0.508388408744284,
            -1.2709710218607015,
            0.9320454160311868,
            -1.8640908320623453,
            0.9320454160311828,
            -2.4572106422640325,
            -0.8473140145738026,
            -1.0167768174885514,
            2.457210642264015,
            0.33892560582952014,
            -1.355702423318081,
            0.0847314014573808,
            -1.270971021860698,
            -0.3389256058295202,
            0.25419420437214246,
            -6.932250156990253e-16,
            0.42365700728690026,
            -0.9320454160311857
        ]
    ],
    "bias_index": 46,
    "lambda": 0.0001,
    "epochs": 20,
    "eta0": 0.1,
    "goal_column": "320_Class",
    "classes": [
        "1133_2",
        "1132_3",
        "1134_4",
        "1135_1"
    ],
    "num_classes": 4,
    "label_map": {
        "+1": "1133_2",
        "-1": "1132_3"
    },
    "feature_index": {
        "CAT::306_Sex::1086_1": 0,
        "CAT::306_Sex::1087_2": 1,
        "CAT::307_Age::1088_5": 2,
        "CAT::307_Age::1089_4": 3,
        "CAT::307_Age::1090_3": 4,
        "CAT::307_Age::1091_2": 5,
        "CAT::308_Height::1092_2": 6,
        "CAT::308_Height::1093_1": 7,
        "CAT::308_Height::1094_3": 8,
        "CAT::308_Height::1095_5": 9,
        "CAT::308_Height::1096_0": 10,
        "CAT::308_Height::1097_4": 11,
        "CAT::309_Overweight_Obese_Family::1098_2": 12,
        "CAT::309_Overweight_Obese_Family::1099_1": 13,
        "CAT::310_Consumption_of_Fast_Food::1100_2": 14,
        "CAT::310_Consumption_of_Fast_Food::1101_1": 15,
        "CAT::311_Frequency_of_Consuming_Vegetables::1102_3": 16,
        "CAT::311_Frequency_of_Consuming_Vegetables::1103_2": 17,
        "CAT::311_Frequency_of_Consuming_Vegetables::1104_1": 18,
        "CAT::312_Number_of_Main_Meals_Daily::1105_2": 19,
        "CAT::312_Number_of_Main_Meals_Daily::1106_3": 20,
        "CAT::312_Number_of_Main_Meals_Daily::1107_1": 21,
        "CAT::313_Food_Intake_Between_Meals::1108_4": 22,
        "CAT::313_Food_Intake_Between_Meals::1109_2": 23,
        "CAT::313_Food_Intake_Between_Meals::1110_1": 24,
        "CAT::313_Food_Intake_Between_Meals::1111_3": 25,
        "CAT::314_Smoking::1112_2": 26,
        "CAT::314_Smoking::1113_1": 27,