{
    "type": "svm_sgd",
    "dim": 11,
    "weights": [
        [
            -0.8983829107606305,
            0.9982032341784782,
            0.39928129367139165,
            0.19964064683569582,
            5.550948888893706e-17,
            0.29946097025354335,
            -1.5971251746855664,
            2.096226791774805,
            0.9982032341784792,
            -0.499101617089239,
            0.499101617089239
        ],
        [
            0.8983829107606305,
            -0.9982032341784782,
            -0.39928129367139165,
            -0.19964064683569582,
            -5.550948888893706e-17,
            -0.29946097025354335,
            1.5971251746855664,
            -2.096226791774805,
            -0.9982032341784792,
            0.499101617089239,
            -0.499101617089239
        ]
    ],
    "bias_index": 10,
    "lambda": 0.0001,
    "epochs": 20,
    "eta0": 0.1,
    "goal_column": "5_play",
    "classes": [
        "11_yes",
        "12_no"
    ],
    "num_classes": 2,
    "label_map": {
        "+1": "11_yes",
        "-1": "12_no"
    },
    "feature_index": {
        "CAT::1_outlook::1_sunny": 0,
        "CAT::1_outlook::2_cloudy": 1,
        "CAT::1_outlook::3_rainy": 2,
        "CAT::2_temperature::4_hot": 3,
        "CAT::2_temperature::5_mild": 4,
        "CAT::2_temperature::6_cool": 5,
        "CAT::3_humidity::7_high": 6,
        "CAT::3_humidity::8_normal": 7,
        "CAT::4_windy::10_false": 8,
        "CAT::4_windy::9_true": 9
    },
    "numeric_minmax": [],
    "kernel": "sgd",
    "kernel_meta": {
        "type": "sgd"
    }
}