{
    "type": "svm_sgd",
    "dim": 129,
    "weights": [
        [
            -3.7495682742203527,
            -1.7479013061689193,
            0.8059114130326396,
            0.8930891770523776,
            0.24457225945454567,
            0.3487624079221898,
            -0.007013735689605432,
            -2.3744489790440984,
            -0.9164549779950492,
            -0.08751714434791227,
            -2.190752336201662,
            -0.3209462872123422,
            -1.17102274747743,
            -0.8610711178736662,
            2.2707857197173307,
            0.613876187951543,
            0.3698187199205771,
            0.10703733810464318,
            -0.21164369398960764,
            -1.8206582156528366,
            1.330478824709765,
            3.1397003670175625,
            1.6834263778687988,
            0.2639214995672638,
            0.6660268969334118,
            0.6417928594908558,
            -0.153881534477327,
            0.2424638424190395,
            1.3011173566462269,
            -0.5030860705148711,
            1.4567920738616753,
            0.5790567000648169,
            -0.4724150391187701,
            0.22741938639522336,
            1.7565203402926706,
            0.5771855342192264,
            1.7971847773301102,
            -2.113319245906163,
            0.17602176227894706,
            -0.8128591898066098,
            1.7864569692719625,
            -1.9402348083041479,
            0.1248132950201715,
            3.8061414932277238,
            0.22437038740004697,
            0.08846546130741911,
            -0.2825077896909093,
            0.39552459337019036,
            -0.05609431922857884,
            -0.6820530714362664,
            0.06357635956903206,
            -0.7911031483220152,
            0.9015138087254083,
            0.07220133705641743,
            -1.019037929067382,
            -0.18467861618594522,
            -1.1642931507948329,
            -1.2396757939815413,
            -1.761758107661683,
            -0.10457796190715139,
            0.7446012893993351,
            0.2531388408257512,
            2.15538069901777,
            0.632869377655451,
            0.1395364159566108,
            -2.6318562848695497,
            0.917013405594293,
            0.5629650794041188,
            0.6690821869590259,
            2.1480158708662467,
            0.6400264838966165,
            -1.135773153907729,
            1.2696781943108184,
            -0.008040700258303555,
            1.064952352334727,
            -0.499090067115601,
            -0.9189071230651682,
            -0.6099825910989461,
            0.5409717469095928,
            1.8010186902851115,
            -0.6828670358624477,
            -0.710286108246954,
            -1.0656077630957794,
            0.4561276154058246,
            2.3818750381817244,
            0.16468729679020738,
            1.8331015186830366,
            -0.7230794553883984,
            1.0821152014794497,
            0.941988754210563,
            1.1670166643528783,
            0.3293567775620338,
            0.6121796557921493,
            -1.3505438594925467,
            -1.2571174843708033,
            -0.37333544693917897,
            0.46321141383530906,
            1.327453583793418,
            1.2906416355341817,
            -0.8714299973534723,
            0.35003653907894877,
            2.7916129686997464,
            1.3563300049782256,
            2.685422468128577,
            -0.26401126159212734,
            0.05169807238366899,
            0.6434708023282151,
            0.9080074363231486,
            -0.045524810999519154,
            0.9274820349067102,
            -0.9247243028538239,
            0.47439734649596693,
            1.5247643631704304,
            -1.3484491192341863,
            -0.14053276402234063,
            2.9400636811744203,
            0.49407696330979706,
            -0.26390603319536077,
            -1.390337591336023,
            -0.23972976532955,
            -0.8497059066715095,
            -1.4373476153077986,
            3.6000472342508516,
            0.8250117507243134,
            0.2772794546387091,
            -1.433124380099999,
            0.042394500277411824,
            0.3010035058223779,
            -0.1694628029147634
        ],
        [
            2.530602172501978,
            1.3387444016680752,
            0.3255601384039554,
            -2.41477700479163,
            1.1755250845960823,
            1.4084117141549737,
            -0.1701239626751194,
            0.25085262428578625,
            0.08055016047087354,
            -0.12934552298349286,
            0.8874591129828685,
            -1.0848909679990912,
            1.581481100299813,
            -0.9755159814808319,
            -1.0462791695693583,
            1.5923001656079823,
            -0.9369345259140296,
            -0.3539370635159184,
            -0.327144676728065,
            1.2055899012589335,
            -1.1005839657997132,
            -0.9407968486807354,
            0.10664860563291897,
            -2.01451106506981,
            0.11876306966120954,
            -0.5806435859755953,
            -0.6190112074931126,
            0.9408656484237142,
            -2.1483446338414454,
            0.2657689063399522,
            -0.5545744797835809,
            1.0669289408389027,
            0.8470778050090945,
            -0.6985062517499278,
            -0.32794428789964375,
            -0.6379708715606847,
            -1.9497565750696593,
            0.41053912920036506,
            -0.23899955767607683,
            0.8027060147573821,
            -1.7599819750875576,
            0.9019521754638555,
            1.1715316944851928,
            -2.479557607613525,
            -0.872009080655262,
            -1.9311526315669871,
            1.426426505889718,
            -0.3882846146160254,
            1.0846259252354773,
            0.9229524586104443,
            -0.2543473156093248,
            1.5864636602118605,
            -1.9120694350974747,
            0.23091434634396876,
            0.2667998501586182,
            -1.1141714214970293,
            -0.9255209308899633,
            0.30312715018282665,
            0.7398864201540196,
            -0.3671797927527851,
            -1.414074551533538,
            1.046139541831042,
            -0.811868897199971,
            -0.7141006330058414,
            -1.3076900888072551,
            0.7256612715535334,
            0.6284046791621329,
            -1.3895392958073698,
            2.244105880099744,
            1.5905234777836978,
            1.5021381746928104,
            0.13099196122787596,
            0.6585271191152587,
            0.45568195610237944,
            -0.014927395100161254,
            1.444333663440818,
            0.9922320356549534,
            0.18736553208682993,
            0.24608649122909385,
            -0.5312118450873481,
            1.1810473043863075,
            -0.7627545692800073,
            0.303248289605827,
            -1.2453451172074328,
            -1.1361252888381652,
            0.7030900112053328,
            -1.8928865975445526,
            0.9775674585218489,
            -2.062263101466708,
            0.1398463303629924,
            0.22274456106519264,
            0.8435885488190942,
            0.43966685826694807,
            2.3918500494448676,
            -0.016122387930919604,
            -0.025666473766358135,
            -0.9916893370299502,
            -1.4568573516310788,
            -0.009574812716627468,
            2.08341563572546,
            0.9614838137424669,
            -2.3474451792352315,
            -1.2009176575207015,
            -2.3284764255794896,
            -2.0678314168607583,
            2.787201177000267,
            0.26678172525287613,
            0.06412375615344491,
            1.6294143146568396,
            0.7363069497033857,
            0.20511798765672007,
            -0.3448866214716536,
            0.6777187345006557,
            1.605252386055253,
