{
    "type": "svm_sgd",
    "dim": 129,
    "weights": [
        [
            0.5483617276787459,
            -0.14812179817872997,
            -0.8604546234036998,
            -0.0673683183038962,
            0.6486728132890317,
            -0.8415817209643934,
            -0.05427885948009592,
            0.1579600619203079,
            -1.0385259975857288,
            0.5651089507080744,
            -1.4952103931674214,
            -0.5340024168690863,
            -0.33063276956156185,
            0.24864030696004563,
            1.0748272396779521,
            1.039104431431926,
            0.9177639147120819,
            -1.3099564236680223,
            0.11862075191849147,
            -0.7870440340567073,
            1.4975752566566856,
            -1.123455570147416,
            -0.04302427229851373,
            0.08357216324659643,
            0.24615544487381627,
            1.085553242427035,
            0.4739993335533688,
            -0.9555216115737547,
            0.15533302499191984,
            -0.4657237595186366,
            0.4621358843865039,
            0.13590040181795096,
            0.48648644913021655,
            1.064770384973741,
            0.6253311966521272,
            0.6995556276888703,
            0.916560546066876,
            1.1064661290400708,
            0.7861708250456385,
            -0.6921591842431651,
            0.18451961920234405,
            -0.03277628152060895,
            0.2224103370583763,
            -0.6358310046927098,
            -1.4555848527059794,
            -0.8964854559598958,
            -0.0929783011208411,
            0.569037956014361,
            0.9095410584890221,
            0.33000437647696024,
            -0.41388941704968996,
            -0.930643481459625,
            0.7934635546036395,
            2.147897788621942,
            -1.2043400430840503,
            -0.5811521448114719,
            -0.12488223067596764,
            0.10011342945845826,
            -0.8173329259404863,
            0.7720688120392442,
            -0.7644298075390177,
            0.25449156144453916,
            0.08805216061077258,
            0.3632956813488083,
            -0.8027842320425614,
            0.10446186622444441,
            0.2128495462760738,
            0.11810066782948134,
            0.7887423235741713,
            -0.04619309946308374,
            0.2816717759794215,
            0.01841384665929758,
            -0.04525887851945064,
            0.30106182452105135,
            0.4606285835538359,
            0.16334599301620248,
            -1.3160522800561258,
            1.2938715298514811,
            -0.5402507673378526,
            -0.06605793096426983,
            1.691809761445116,
            0.21821280213122102,
            0.24091342111117547,
            1.2248591347880398,
            0.8793512760492725,
            0.9368338834751365,
            0.25499861635084736,
            0.4582749532556334,
            0.7756334898356474,
            0.7287587335546117,
            -0.07405756039982085,
            -0.4189625741924693,
            0.5254655017440452,
            0.10012714239917622,
            0.974103203917954,
            0.560384933087864,
            0.16107729792448217,
            0.6919191880453259,
            1.6354857726182515,
            -1.305521556256147,
            -0.9119219895098434,
            -1.7931597537466737,
            0.42161869597207885,
            -0.5167960028190591,
            0.7038147992174381,
            -0.522094659536127,
            0.14423189966228425,
            1.391204686447442,
            -0.5997880982697393,
            -0.14676618720719392,
            1.7159994958187745,
            0.5675719001716895,
            1.2251426675182786,
            0.24573057502380297,
            0.431298307400954,
            -1.149219355622411,
            0.0007275794570260044,
            0.8304558025584383,
            -1.2863593710960264,
            -1.0432842283310437,
            -0.06136886607015862,
            -1.1060633612880144,
            -0.9159612900892097,
            -1.4245014661059279,
            0.20648921450717947,
            -0.3001231834059314,
            0.11096992092899027,
            1.078676981333059,
            -0.4836525440123824
        ],
        [
            -0.5483617276787459,
            0.14812179817872997,
            0.8604546234036998,
            0.0673683183038962,
            -0.6486728132890317,
            0.8415817209643934,
            0.05427885948009592,
            -0.1579600619203079,
            1.0385259975857288,
            -0.5651089507080744,
            1.4952103931674214,
            0.5340024168690863,
            0.33063276956156185,
            -0.24864030696004563,
            -1.0748272396779521,
            -1.039104431431926,
            -0.9177639147120819,
            1.3099564236680223,
            -0.11862075191849147,
            0.7870440340567073,
            -1.4975752566566856,
            1.123455570147416,
            0.04302427229851373,
            -0.08357216324659643,
            -0.24615544487381627,
            -1.085553242427035,
            -0.4739993335533688,
            0.9555216115737547,
            -0.15533302499191984,
            0.4657237595186366,
            -0.4621358843865039,
            -0.13590040181795096,
            -0.48648644913021655,
            -1.064770384973741,
            -0.6253311966521272,
            -0.6995556276888703,
            -0.916560546066876,
            -1.1064661290400708,
            -0.7861708250456385,
            0.6921591842431651,
            -0.18451961920234405,
            0.03277628152060895,
            -0.2224103370583763,
            0.6358310046927098,
            1.4555848527059794,
            0.8964854559598958,
            0.0929783011208411,
            -0.569037956014361,
            -0.9095410584890221,
            -0.33000437647696024,
            0.41388941704968996,
            0.930643481459625,
            -0.7934635546036395,
            -2.147897788621942,
            1.2043400430840503,
            0.5811521448114719,
            0.12488223067596764,
            -0.10011342945845826,
            0.8173329259404863,
            -0.7720688120392442,
            0.7644298075390177,
            -0.25449156144453916,
            -0.08805216061077258,
            -0.3632956813488083,
            0.8027842320425614,
            -0.10446186622444441,
            -0.2128495462760738,
            -0.11810066782948134,
            -0.7887423235741713,
            0.04619309946308374,
            -0.2816717759794215,
            -0.01841384665929758,
            0.04525887851945064,
            -0.30106182452105135,
            -0.4606285835538359,
            -0.16334599301620248,
            1.3160522800561258,
            -1.2938715298514811,
            0.5402507673378526,
            0.06605793096426983,
            -1.691809761445116,
            -0.21821280213122102,
            -0.24091342111117547,
            -1.2248591347880398,
            -0.8793512760492725,
            -0.9368338834751365,
            -0.25499861635084736,
            -0.4582749532556334,
            -0.7756334898356474,
            -0.7287587335546117,
            0.07405756039982085,
            0.4189625741924693,
            -0.5254655017440452,
            -0.10012714239917622,
            -0.974103203917954,
            -0.560384933087864,
            -0.16107729792448217,
            -0.6919191880453259,
            -1.6354857726182515,
            1.305521556256147,
            0.9119219895098434,
            1.7931597537466737,
            -0.42161869597207885,
            0.5167960028190591,
            -0.7038147992174381,
            0.522094659536127,
            -0.14423189966228425,
            -1.391204686447442,
            0.5997880982697393,
            0.14676618720719392,
            -1.7159994958187745,
            -0.5675719001716895,
