{
    "type": "svm_sgd",
    "dim": 31,
    "weights": [
        [
            0.27868852459016513,
            -0.008196721311477438,
            0.14754098360656404,
            -0.778688524590162,
            0.05737704918032493,
            -0.4180327868852289,
            0.6557377049180121,
            0.6311475409836315,
            -0.8114754098360829,
            0.6475409836065461,
            0.4344262295081908,
            0.41803278688523293,
            6.921444547967093e-16,
            0.4590163934426267,
            -0.04098360655737413,
            0.0081967213114768,
            0.39344262295082055,
            -0.008196721311476017,
            0.08196721311475635,
            -0.06557377049180338,
            0.00819672131147446,
            0.2868852459016365,
            0.0819672131147537,
            -0.31147540983605687,
            0.360655737704903,
            -0.31147540983606065,
            1.680327868852506,
            -0.9508196721311537,
            1.0655737704918256,
            -0.6475409836065432,
            0.41803278688524875
        ],
        [
            -0.27868852459016513,
            0.008196721311477438,
            -0.14754098360656404,
            0.778688524590162,
            -0.05737704918032493,
            0.4180327868852289,
            -0.6557377049180121,
            -0.6311475409836315,
            0.8114754098360829,
            -0.6475409836065461,
            -0.4344262295081908,
            -0.41803278688523293,
            -6.921444547967093e-16,
            -0.4590163934426267,
            0.04098360655737413,
            -0.0081967213114768,
            -0.39344262295082055,
            0.008196721311476017,
            -0.08196721311475635,
            0.06557377049180338,
            -0.00819672131147446,
            -0.2868852459016365,
            -0.0819672131147537,
            0.31147540983605687,
            -0.360655737704903,
            0.31147540983606065,
            -1.680327868852506,
            0.9508196721311537,
            -1.0655737704918256,
            0.6475409836065432,
            -0.41803278688524875
        ]
    ],
    "bias_index": 30,
    "lambda": 0.0001,
    "epochs": 20,
    "eta0": 0.1,
    "goal_column": "119_diabetes",
    "classes": [
        "329_0",
        "330_1"
    ],
    "num_classes": 2,
    "label_map": {
        "+1": "329_0",
        "-1": "330_1"
    },
    "feature_index": {
        "CAT::111_gender::299_Female": 0,
        "CAT::111_gender::300_Male": 1,
        "CAT::111_gender::301_Other": 2,
        "CAT::112_age::302_6": 3,
        "CAT::112_age::308_4": 4,
        "CAT::112_age::305_5": 5,
        "CAT::112_age::307_2": 6,
        "CAT::112_age::306_1": 7,
        "CAT::112_age::303_7": 8,
        "CAT::112_age::304_3": 9,
        "CAT::112_age::309_0": 10,
        "CAT::113_hypertension::311_0": 11,
        "CAT::113_hypertension::310_1": 12,
        "CAT::114_heart_disease::312_0": 13,
        "CAT::114_heart_disease::313_1": 14,
        "CAT::115_smoking_history::316_never": 15,
        "CAT::115_smoking_history::317_No Info": 16,
        "CAT::115_smoking_history::318_current": 17,
        "CAT::115_smoking_history::314_not current": 18,
        "CAT::115_smoking_history::315_former": 19,
        "CAT::115_smoking_history::319_ever": 20,
        "CAT::116_bmi::321_1": 21,
        "CAT::116_bmi::322_2": 22,
        "CAT::116_bmi::320_3": 23,
        "CAT::116_bmi::323_0": 24,
        "CAT::117_HbA1c_level::324_1": 25,
        "CAT::117_HbA1c_level::326_0": 26,
        "CAT::117_HbA1c_level::325_2": 27,
        "CAT::118_blood_glucose_level::327_0": 28,
        "CAT::118_blood_glucose_level::328_2": 29
    },
    "numeric_minmax": [],
    "kernel": "sgd",
    "kernel_meta": {
        "type": "sgd"
    }
}