{
    "type": "svm_sgd",
    "dim": 47,
    "weights": [
        [
            -1.1013215859030838,
            0.6777363605557483,
            -2.71094544222296,
            -0.5930193154862737,
            1.2707556760420364,
            1.6096238563198921,
            -0.5930193154862801,
            -0.42358522534734167,
            -0.4235852253473421,
            -1.6929179922437175e-15,
            0.1694340901389391,
            0.8471704506946741,
            -0.08471704506946806,
            -0.3388681802778749,
            0.33886818027786736,
            -0.7624534056252145,
            1.1013215859030772,
            -0.08471704506946387,
            -1.4401897661809553,
            -0.25415113520840465,
            -0.762453405625214,
            0.5930193154862775,
            -0.9318874957641499,
            -0.16943409013893354,
            0.762453405625216,
            -0.0847170450694713,
            0.42358522534733745,
            -0.847170450694679,
            -0.3388681802778732,
            -0.08471704506946826,
            -1.151768564366014e-15,
            -0.08471704506946766,
            -0.3388681802778766,
            0.5083022704168093,
            -0.08471704506946667,
            -0.33886818027787086,
            0.25415113520840493,
            -0.7624534056252112,
            -0.3388681802778715,
            -0.3388681802778721,
            0.25415113520840216,
            -0.5083022704168045,
            0.3388681802778718,
            -0.3388681802778735,
            0.5930193154862775,
            -0.5083022704168115,
            -0.4235852253473373
        ],
        [
            0.6777363605557479,
            -0.7624534056252125,
            1.6943409013893649,
            1.101321585903087,
            -1.1013215859030887,
            -1.7790579464588194,
            0.8471704506946768,
            0.25415113520840454,
            0.3388681802778701,
            -0.593019315486274,
            -0.42358522534734266,
            -0.5083022704168074,
            0.7624534056252091,
            -0.8471704506946773,
            -0.5083022704168035,
            0.4235852253473411,
            -0.33886818027787385,
            -0.2541511352084065,
            0.5083022704168072,
            1.0166045408336053,
            -1.355472721111499,
            0.25415113520840493,
            0.7624534056252112,
            0.169434090138936,
            -0.5083022704168104,
            -0.5083022704168115,
            0.08471704506946953,
            -0.16943409013894162,
            0.25415113520840316,
            -0.5930193154862721,
            0.25415113520840454,
            0.25415113520840477,
            -0.3388681802778736,
            -0.5930193154862746,
            0.16943409013893576,
            0.593019315486278,
            0.7624534056252152,
            -1.0166045408336148,
            0.5083022704168089,
            -0.3388681802778715,
            -0.2541511352084054,
            0.7624534056252179,
            -0.423585225347336,
            1.1376990223061285e-15,
            -0.7624534056252155,
            0.3388681802778707,
            -0.08471704506947059
        ],
        [
            -0.08471704506946906,
            -0.5083022704168098,
            0.16943409013893224,
            6.244634172686325e-16,
            -1.2707556760420196,
            0.5083022704168096,
            0.5930193154862795,
            0.5083022704168113,
            -0.16943409013893454,
            -0.16943409013893507,
            -1.1013215859030903,
            -0.25415113520840715,
            -1.1013215859030858,
            0.5083022704168069,
            -0.3388681802778704,
            -0.2541511352084046,
            -3.303964757709233,
            1.1013215859030783,
            1.6096238563198924,
            -0.5083022704168045,
            2.5415113520840538,
            -2.6262283971535276,
            -0.08471704506946837,
            -0.42358522534733944,
            -0.6777363605557416,
            0.5930193154862782,
            -0.677736360555747,
            0.08471704506947088,
            0.5930193154862751,
            0.25415113520840266,
            -1.4401897661809633,
            -1.1013215859030836,
            0.5083022704168118,
            1.3589401639824417e-15,
            0.931887495764151,
            -0.3388681802778695,
            -0.5083022704168113,
            -0.6777363605557427,
            -0.4235852253473396,
            0.08471704506946619,
            -0.2541511352084069,
            -0.6777363605557445,
            -0.2541511352084057,
            -3.851128676471854e-15,
            -8.018022407019248e-16,
            0.33886818027787124,
            -0.5930193154862777
        ],
        [
            -1.6943409013893393,
            0.4235852253473395,
            -1.101321585903092,
            0.2541511352084034,
            -0.42358522534734033,
            5.672732700387017e-16,
            -1.1860386309725517,
            -0.08471704506946953,
            0.42358522534733806,
            -0.5083022704168179,
            -0.16943409013893568,
            0.25415113520840504,
            -0.3388681802778735,
            -0.9318874957641503,
            -0.5930193154862757,
            -0.6777363605557457,
            -0.7624534056252152,
            -0.508302270416807,
            -2.233074553990983e-15,
            -1.2707556760420242,
            -1.0523797842804123e-15,
            6.797062771429142e-16,
            -0.8471704506946864,
            0.16943409013893732,
            -0.508302270416809,
            -0.08471704506946767,
            -2.2873602168756446,
            1.0166045408336244,
            -0.5083022704168075,
            0.8471704506946796,
            -1.609623856319895,
            1.016604540833625,
            -2.287360216875642,
            1.4401897661809546,
            -2.626228397153511,
            -1.6096238563198986,
            -2.2026431718061774,
            3.7275499830565755,
            -0.6777363605557473,
            -0.9318874957641563,
            0.3388681802778763,
            -1.44018976618096,
            -0.7624534056252166,
            -0.1694340901389383,
            0.59301931548628,
            0.5083022704168131,
            -1.2707556760420176
        ]
    ],
    "bias_index": 46,
    "lambda": 0.0001,
    "epochs": 20,
    "eta0": 0.1,
    "goal_column": "320_Class",
    "classes": [
        "1133_2",
        "1132_3",
        "1134_4",
        "1135_1"
    ],
    "num_classes": 4,
    "label_map": {
        "+1": "1133_2",
        "-1": "1132_3"
    },
    "feature_index": {
        "CAT::306_Sex::1086_1": 0,
        "CAT::306_Sex::1087_2": 1,
        "CAT::307_Age::1088_5": 2,
        "CAT::307_Age::1089_4": 3,
        "CAT::307_Age::1090_3": 4,
        "CAT::307_Age::1091_2": 5,
        "CAT::308_Height::1092_2": 6,
        "CAT::308_Height::1093_1": 7,
        "CAT::308_Height::1094_3": 8,
        "CAT::308_Height::1095_5": 9,
        "CAT::308_Height::1096_0": 10,
        "CAT::308_Height::1097_4": 11,
        "CAT::309_Overweight_Obese_Family::1098_2": 12,
        "CAT::309_Overweight_Obese_Family::1099_1": 13,
        "CAT::310_Consumption_of_Fast_Food::1100_2": 14,
        "CAT::310_Consumption_of_Fast_Food::1101_1": 15,
        "CAT::311_Frequency_of_Consuming_Vegetables::1102_3": 16,
        "CAT::311_Frequency_of_Consuming_Vegetables::1103_2": 17,
        "CAT::311_Frequency_of_Consuming_Vegetables::1104_1": 18,
        "CAT::312_Number_of_Main_Meals_Daily::1105_2": 19,
        "CAT::312_Number_of_Main_Meals_Daily::1106_3": 20,
        "CAT::312_Number_of_Main_Meals_Daily::1107_1": 21,
        "CAT::313_Food_Intake_Between_Meals::1108_4": 22,
        "CAT::313_Food_Intake_Between_Meals::1109_2": 23,
        "CAT::313_Food_Intake_Between_Meals::1110_1": 24,
        "CAT::313_Food_Intake_Between_Meals::1111_3": 25,
        "CAT::314_Smoking::1112_2": 26,