{
    "type": "svm_sgd",
    "dim": 135,
    "weights": [
        0.9846396218983842,
        -0.2953918865695158,
        0.0,
        -0.6892477353288696,
        0.39385584875935475,
        -0.3938558487593549,
        -0.39385584875935387,
        0.09846396218983863,
        0.29539188656951554,
        -0.09846396218983823,
        0.29539188656951576,
        -0.1969279243796773,
        1.1815675462780626,
        -1.1815675462780635,
        0.3938558487593541,
        -0.3938558487593544,
        0.19692792437967685,
        -0.19692792437967702,
        -0.09846396218983876,
        0.09846396218983867,
        -0.29539188656951587,
        0.29539188656951554,
        -0.2953918865695156,
        0.2953918865695158,
        0.984639621898384,
        -0.9846396218983856,
        -1.083103584088223,
        1.083103584088222,
        -0.2953918865695158,
        0.2953918865695151,
        -0.6892477353288696,
        0.6892477353288693,
        0.39385584875935326,
        -0.39385584875935364,
        -0.19692792437967696,
        0.1969279243796774,
        0.19692792437967774,
        -0.19692792437967635,
        0.09846396218983842,
        -0.09846396218983919,
        -2.067743205986609,
        2.067743205986611,
        -0.29539188656951565,
        0.29539188656951576,
        0.09846396218983813,
        -0.09846396218983829,
        0.49231981094919225,
        -0.4923198109491921,
        0.984639621898386,
        -0.9846396218983855,
        0.8861756597085445,
        -0.8861756597085455,
        -1.181567546278065,
        1.1815675462780648,
        1.2800315084679006,
        -1.280031508467898,
        -0.0984639621898384,
        0.0984639621898384,
        0.09846396218983867,
        -0.09846396218983872,
        0.5907837731390319,
        -0.5907837731390315,
        0.7877116975187084,
        -0.7877116975187087,
        2.7665935710135348e-17,
        0.0,
        1.2800315084679006,
        -1.2800315084679021,
        -0.8861756597085476,
        0.8861756597085455,
        2.7665935710135348e-17,
        0.0,
        0.49231981094919214,
        -0.49231981094919186,
        -0.09846396218983881,
        0.0984639621898387,
        -0.8861756597085461,
        0.8861756597085456,
        -0.19692792437967724,
        0.19692792437967696,
        -0.19692792437967713,
        0.19692792437967707,
        0.3938558487593543,
        -0.39385584875935425,
        0.19692792437967688,
        -0.19692792437967735,
        1.1815675462780633,
        -1.1815675462780642,
        -0.49231981094919147,
        0.4923198109491921,
        0.19692792437967677,
        -0.19692792437967668,
        0.19692792437967732,
        -0.19692792437967735,
        0.2953918865695157,
        -0.2953918865695156,
        -0.09846396218983865,
        0.09846396218983823,
        -1.1815675462780615,
        1.1815675462780637,
        -0.49231981094919225,
        0.49231981094919297,
        -0.09846396218983845,
        0.09846396218983877,
        0.29539188656951554,
        -0.29539188656951676,
        1.8708152816069321,
        -1.8708152816069317,
        -0.49231981094919225,
        0.49231981094919247,
        -0.8861756597085453,
        0.8861756597085452,
        0.9846396218983868,
        -0.9846396218983869,
        2.4615990547459545,
        -2.4615990547459536,
        0.09846396218983824,
        -0.09846396218983854,
        1.2800315084678993,
        -1.2800315084679006,
        0.49231981094919236,
        -0.49231981094919214,
        0.5907837731390314,
        -0.5907837731390304,
        0.4923198109491926,
        -0.49231981094919247,
        0.09846396218983852,
        -0.09846396218983858,
        -0.3938558487593544,
        0.3938558487593541,
        1.1815675462780633,
        -1.181567546278064,
        2.7665935710135348e-17,
        -1.5215212464854477e-16,
        2.7665935710135348e-17
    ],
    "bias_index": 134,
    "lambda": 0.0001,
    "epochs": 20,
    "eta0": 0.1,
    "goal_column": "71_Penyakit",
    "label_map": {
        "+1": "153_Embolism-Stroke",
        "-1": "152_Thrombosis-Stroke"
    },
    "feature_index": {
        "CAT::6_usia::15_dewasa-3": 0,
        "CAT::6_usia::16_manula": 1,
        "CAT::6_usia::13_dewasa-1": 2,
        "CAT::6_usia::14_dewasa-2": 3,
        "CAT::7_jeniskelamin::18_pria": 4,
        "CAT::7_jeniskelamin::17_wanita": 5,
        "CAT::8_kesadaran::20_apatis": 6,
        "CAT::8_kesadaran::19_sadar": 7,
        "CAT::8_kesadaran::21_koma": 8,
        "CAT::9_keadaanumum::22_Baik": 9,
        "CAT::9_keadaanumum::23_Sedang": 10,
        "CAT::9_keadaanumum::24_Jelek": 11,
        "CAT::10_nyerikepala::26_Tidak-Nyeri": 12,
        "CAT::10_nyerikepala::25_Nyeri": 13,
        "CAT::11_tekanansistolik::29_tinggi": 14,
        "CAT::11_tekanansistolik::28_normal": 15,
        "CAT::12_tekanandiastolik::31_normal": 16,
        "CAT::12_tekanandiastolik::32_tinggi": 17,
        "CAT::13_suhu::34_normal": 18,
        "CAT::13_suhu::35_tinggi": 19,
        "CAT::14_nafas::38_cepat": 20,
        "CAT::14_nafas::37_normal": 21,
        "CAT::15_nadi::40_normal": 22,
        "CAT::15_nadi::41_cepat": 23,
        "CAT::16_G1::43_T": 24,
        "CAT::16_G1::42_Y": 25,
        "CAT::17_G2::44_Y": 26,
        "CAT::17_G2::45_T": 27,
        "CAT::18_G3::46_Y": 28,
        "CAT::18_G3::47_T": 29,
        "CAT::19_G4::49_T": 30,
        "CAT::19_G4::48_Y": 31,
        "CAT::20_G5::51_T": 32,
        "CAT::20_G5::50_Y": 33,
        "CAT::21_G6::53_T": 34,
        "CAT::21_G6::52_Y": 35,
        "CAT::22_G7::54_Y": 36,
        "CAT::22_G7::55_T": 37,
        "CAT::23_G8::56_Y": 38,
        "CAT::23_G8::57_T": 39,
        "CAT::24_G9::58_Y": 40,
        "CAT::24_G9::59_T": 41,
        "CAT::25_G10::60_Y": 42,
        "CAT::25_G10::61_T": 43,
        "CAT::26_G11::63_T": 44,
        "CAT::26_G11::62_Y": 45,
        "CAT::27_G12::65_T": 46,
        "CAT::27_G12::64_Y": 47,
        "CAT::28_G13::67_T": 48,
        "CAT::28_G13::66_Y": 49,
        "CAT::29_G14::69_T": 50,
        "CAT::29_G14::68_Y": 51,
        "CAT::30_G15::70_Y": 52,
        "CAT::30_G15::71_T": 53,
        "CAT::31_G16::73_T": 54,
        "CAT::31_G16::72_Y": 55,
        "CAT::32_G17::75_T": 56,
        "CAT::32_G17::74_Y": 57,
        "CAT::33_G18::77_T": 58,
        "CAT::33_G18::76_Y": 59,
        "CAT::34_G19::79_T": 60,
        "CAT::34_G19::78_Y": 61,
        "CAT::35_G20::80_Y": 62,
        "CAT::35_G20::81_T": 63,
        "CAT::36_G21::83_T": 64,
        "CAT::36_G21::82_Y": 65,
        "CAT::37_G22::85_T": 66,
        "CAT::37_G22::84_Y": 67,
        "CAT::38_G23::87_T": 68,
        "CAT::38_G23::86_Y": 69,
        "CAT::39_G24::89_T": 70,
        "CAT::39_G24::88_Y": 71,
        "CAT::40_G25::91_T": 72,
        "CAT::40_G25::90_Y": 73,
        "CAT::41_G26::93_T": 74,
        "CAT::41_G26::92_Y": 75,
        "CAT::42_G27::94_Y": 76,
        "CAT::42_G27::95_T": 77,
        "CAT::43_G28::97_T": 78,
        "CAT::43_G28::96_Y": 79,
        "CAT::44_G29::99_T": 80,
        "CAT::44_G29::98_Y": 81,
        "CAT::45_G30::101_T": 82,
        "CAT::45_G30::100_Y": 83,
        "CAT::46_G31::103_T": 84,
        "CAT::46_G31::102_Y": 85,
        "CAT::47_G32::105_T": 86,
        "CAT::47_G32::104_Y": 87,
        "CAT::48_G33::107_T": 88,
        "CAT::48_G33::106_Y": 89,
        "CAT::49_G34::109_T": 90,
        "CAT::49_G34::108_Y": 91,
        "CAT::50_G35::110_Y": 92,
        "CAT::50_G35::111_T": 93,
        "CAT::51_G36::113_T": 94,
        "CAT::51_G36::112_Y": 95,
        "CAT::52_G37::115_T": 96,
        "CAT::52_G37::114_Y": 97,
        "CAT::53_G38::117_T": 98,
        "CAT::53_G38::116_Y": 99,
        "CAT::54_G39::119_T": 100,
        "CAT::54_G39::118_Y": 101,
        "CAT::55_G40::121_T": 102,
        "CAT::55_G40::120_Y": 103,
        "CAT::56_G41::122_Y": 104,
        "CAT::56_G41::123_T": 105,
        "CAT::57_G42::125_T": 106,
        "CAT::57_G42::124_Y": 107,