{
    "type": "svm_sgd",
    "dim": 90,
    "weights": [
        [
            0.09571209800918899,
            0.09571209800918966,
            0.3828483920367558,
            -0.19142419601837807,
            0.09571209800918887,
            0.09571209800918906,
            0.09571209800918884,
            -0.09571209800918905,
            -0.6699846860643229,
            0.957120980091885,
            0.0,
            0.28713629402756435,
            0.5742725880551279,
            -1.2442572741194486,
            0.47856049004594114,
            -0.6699846860643213,
            0.8614088820826951,
            0.6699846860643202,
            0.47856049004594176,
            0.0,
            -0.19142419601837823,
            0.19142419601837798,
            -0.6699846860643213,
            0.09571209800918898,
            0.9571209800918866,
            0.1914241960183781,
            0.0,
            -1.3399693721286365,
            1.244257274119445,
            0.6699846860643182,
            0.2871362940275648,
            0.09571209800918883,
            0.19142419601837724,
            1.244257274119448,
            -0.574272588055129,
            -0.09571209800918908,
            1.3657825933678342e-17,
            0.6699846860643205,
            -0.09571209800918908,
            -0.6699846860643183,
            0.38284839203675575,
            0.09571209800918908,
            0.7656967840735093,
            -0.09571209800918858,
            0.3828483920367549,
            0.2871362940275643,
            0.9571209800918862,
            -0.38284839203675564,
            0.1914241960183784,
            0.9571209800918832,
            0.0957120980091888,
            -0.6699846860643202,
            -0.8614088820826937,
            0.9571209800918832,
            0.2871362940275648,
            0.19142419601837798,
            -0.09571209800918859,
            1.4356814701378178,
            -0.3828483920367537,
            -0.3828483920367564,
            -0.5742725880551282,
            1.244257274119449,
            -0.09571209800918874,
            -0.7656967840735097,
            0.8614088820826945,
            0.28713629402756446,
            0.19142419601837787,
            -0.861408882082691,
            0.38284839203675525,
            0.7656967840735093,
            0.28713629402756496,
            -0.382848392036755,
            0.9571209800918834,
            0.0,
            -0.47856049004594137,
            1.0528330781010675,
            0.0,
            0.0,
            0.5742725880551263,
            0.0,
            1.7755173713781868e-16,
            0.0,
            0.5742725880551278,
            -0.3828483920367548,
            0.0,
            0.957120980091885,
            -0.19142419601837762,
            0.0,
            0.7656967840735106,
            0.5742725880551279
        ],
        [
            0.09571209800918885,
            -0.2871362940275644,
            -0.19142419601837804,
            -0.1914241960183778,
            0.09571209800918891,
            -0.09571209800918906,
            0.0,
            0.09571209800918905,
            0.1914241960183781,
            -0.4785604900459411,
            0.0,
            -0.19142419601837807,
            -0.4785604900459411,
            1.0528330781010657,
            -0.28713629402756424,
            0.4785604900459409,
            -1.1485451761102585,
            -0.28713629402756374,
            -0.2871362940275642,
            0.0,
            0.09571209800918895,
            -0.28713629402756446,
            0.4785604900459409,
            -0.09571209800918898,
            -0.4785604900459405,
            -0.1914241960183781,
            0.0,
            0.9571209800918817,
            -0.9571209800918825,
            -0.4785604900459406,
            0.1914241960183785,
            -0.7656967840735124,
            0.09571209800918887,
            -0.2871362940275643,
            -0.2871362940275639,
            0.09571209800918908,
            -0.3828483920367565,
            -0.19142419601837807,
            0.09571209800918908,
            0.574272588055129,
            -0.47856049004594087,
            -0.09571209800918908,
            -0.47856049004594065,
            -0.28713629402756435,
            -0.09571209800918913,
            -0.09571209800918895,
            -0.6699846860643197,
            0.19142419601837804,
            -2.417046272164769e-16,
            -0.6699846860643186,
            0.3828483920367557,
            -0.19142419601837812,
            0.38284839203675586,
            -0.6699846860643186,
            -0.09571209800918908,
            -0.09571209800918906,
            0.2871362940275643,
            -0.9571209800918823,
            -2.0125116797657814e-16,
            0.191424196018378,
            0.3828483920367564,
            -0.7656967840735115,
            -0.095712098009189,
            1.0743277970487429e-16,
            -0.2871362940275643,
            -0.09571209800918878,
            -0.09571209800918905,
            0.7656967840735112,
            -0.6699846860643198,
            -0.382848392036756,
            -0.19142419601837804,
            0.6699846860643182,
            -1.1485451761102596,
            0.0,
            0.7656967840735123,
            -1.2442572741194466,
            0.0,
            -0.1914241960183777,
            -0.28713629402756463,
            0.0,
            0.478560490045941,
            0.0,
            -0.9571209800918818,
            0.09571209800918903,
            0.0,
            -0.5742725880551286,
            -5.3716389852437143e-17,
            0.0,
            -0.4785604900459407,
            -0.4785604900459411
        ],
        [
            -0.28713629402756463,
            0.0,
            -0.09571209800918895,
            0.09571209800918885,
            0.0,
            0.0,
            0.0,
            0.0,
            -0.09571209800918905,
            -0.19142419601837807,
            0.0,
            0.0,
            -0.287136294027564,
            -0.09571209800918898,
            -0.09571209800918892,
            -0.09571209800918908,
            0.382848392036756,
            -0.2871362940275646,
            -0.09571209800918905,
            0.0,
            -1.6162575361793906e-16,
            0.0,
            -0.19142419601837804,
            -0.09571209800918895,
            0.0,
            0.0,
            0.0,
            0.09571209800918876,
            -0.19142419601837804,
            -0.1914241960183779,
            -0.2871362940275646,
            0.1914241960183779,
            -0.191424196018378,
            -0.5742725880551289,
            0.2871362940275648,
            0.0,
            -2.0203219202242432e-16,
            -0.28713629402756463,
            0.0,
            -1.8858755377472945e-16,
            -0.09571209800918892,
            -0.09571209800918908,
            -0.09571209800918895,
            0.4785604900459411,
            -0.7656967840735116,
            0.0,
            -0.287136294027564,
            0.0,
            -0.28713629402756474,
            -0.2871362940275646,
            -0.095712098009189,
            0.3828483920367557,
            0.19142419601837807,
            -0.2871362940275646,
            -0.09571209800918908,
            -0.09571209800918905,
            -0.09571209800918898,
            -0.4785604900459403,
            0.2871362940275649,
            0.0,
            -0.09571209800918898,
            -0.38284839203675497,
            0.19142419601837823,
            0.2871362940275645,
            -0.5742725880551292,
            0.0,
            0.0,
            -0.19142419601837804,
            0.09571209800918891,
            -0.19142419601837796,
            0.0,
            -0.2871362940275646,
            -1.7511701421939173e-16,
            0.0,
            -0.28713629402756413,
            -9.429377688736473e-17,
            0.0,
            -0.09571209800918912,
