{
    "type": "svm_sgd",
    "dim": 129,
    "weights": [
        [
            0.014073426144055259,
            -0.40879367981516884,
            1.1792114211543239,
            0.763877625817225,
            0.8552993370336371,
            0.34502374080346243,
            -0.3771693366862272,
            1.2327340345705387,
            -0.6446442064794682,
            1.169253364891035,
            0.32484180706527926,
            -0.08096806706699036,
            -0.7248133533857822,
            0.9652878695933619,
            -0.7075895192108934,
            0.5194223386702461,
            -0.37696275620652087,
            -0.9156881479638024,
            -0.9811570002860194,
            -0.2958333137992839,
            -0.42810700491680953,
            1.6319836792354956,
            -2.022706685360771,
            0.5980977821061441,
            0.6454494344723308,
            0.46871875781152017,
            -0.09692206444578037,
            -0.09106597116660695,
            -0.3326541768696476,
            0.3119217491046222,
            -0.5980281353746268,
            0.0074569340288415725,
            -0.020774727563999597,
            -0.42819343375902225,
            -1.2253826581173624,
            -0.5612564123035817,
            -1.0034453198748245,
            1.7767843410644772,
            -0.1308068941133224,
            -0.14236404454357074,
            0.4561245473585012,
            -0.768010926939212,
            0.3544488589241468,
            -0.1912999296759823,
            0.26595376873396165,
            0.2793651087683926,
            -0.5792108259679649,
            -1.123948083985611,
            -0.8200829109682303,
            -0.46146545070249384,
            0.04281073887165354,
            -0.2583936789493715,
            -0.2362595053718542,
            0.507346419395299,
            0.6663686699827623,
            -0.16338314144846303,
            -0.5971265164478523,
            -1.0007704512596929,
            -0.6121822762305162,
            1.0615824252987283,
            -0.24157727757687222,
            -0.8594739127693044,
            0.3749043056934455,
            0.4704964478449367,
            0.3656724466508422,
            0.5912185915111355,
            -0.297370183465547,
            0.30176745597580507,
            0.14879377691425377,
            -0.5721121234285116,
            -0.6478921655178593,
            -1.0243175966758928,
            0.3352471875404394,
            -1.3595933126017299,
            0.6211901747176918,
            -0.951654166929497,
            0.16255379987307594,
            -0.8436453853108744,
            0.7166911309810368,
            -0.08587048012979215,
            -0.034426947579848835,
            -0.334527480207756,
            -0.6684576853111557,
            -1.138632037735524,
            0.3388332976654741,
            -0.9871987117968899,
            0.0714233215785403,
            -0.37960068625125604,
            -0.3094443860593045,
            -0.9578805788526222,
            0.3941118445124296,
            -1.0247229574470127,
            -0.6385830324468557,
            -0.27651650873418265,
            0.11687786095218751,
            0.11655508837100576,
            0.41905021286124655,
            1.014030284643185,
            0.49822097839180923,
            0.24285529835982217,
            -0.21692788265472213,
            0.059807408983098234,
            -0.26859503053052586,
            -0.36027943877951574,
            0.21924109933481195,
            0.7909305549479306,
            -0.1862100705364861,
            1.4894964056348685,
            0.5197700947873922,
            0.7073436164971761,
            -0.030971680451366723,
            -0.8679990524546534,
            -0.01713646656627216,
            -0.4498531615276844,
            1.0283278124576913,
            1.8670007145078504,
            -0.01827394412490064,
            0.24468310470157859,
            -0.18976950543743704,
            -0.9048876609276254,
            0.09026565516781547,
            -0.6804659789710875,
            -0.5642652795064967,
            -0.8940790959575831,
            -0.6719156465380645,
            0.6647860940125861,
            -1.0457860075299796,
            -0.4556476370597227,
            0.6448492664839603
        ],
        [
            -0.014073426144055259,
            0.40879367981516884,
            -1.1792114211543239,
            -0.763877625817225,
            -0.8552993370336371,
            -0.34502374080346243,
            0.3771693366862272,
            -1.2327340345705387,
            0.6446442064794682,
            -1.169253364891035,
            -0.32484180706527926,
            0.08096806706699036,
            0.7248133533857822,
            -0.9652878695933619,
            0.7075895192108934,
            -0.5194223386702461,
            0.37696275620652087,
            0.9156881479638024,
            0.9811570002860194,
            0.2958333137992839,
            0.42810700491680953,
            -1.6319836792354956,
            2.022706685360771,
            -0.5980977821061441,
            -0.6454494344723308,
            -0.46871875781152017,
            0.09692206444578037,
            0.09106597116660695,
            0.3326541768696476,
            -0.3119217491046222,
            0.5980281353746268,
            -0.0074569340288415725,
            0.020774727563999597,
            0.42819343375902225,
            1.2253826581173624,
            0.5612564123035817,
            1.0034453198748245,
            -1.7767843410644772,
            0.1308068941133224,
            0.14236404454357074,
            -0.4561245473585012,
            0.768010926939212,
            -0.3544488589241468,
            0.1912999296759823,
            -0.26595376873396165,
            -0.2793651087683926,
            0.5792108259679649,
            1.123948083985611,
            0.8200829109682303,
            0.46146545070249384,
            -0.04281073887165354,
            0.2583936789493715,
            0.2362595053718542,
            -0.507346419395299,
            -0.6663686699827623,
            0.16338314144846303,
            0.5971265164478523,
            1.0007704512596929,
            0.6121822762305162,
            -1.0615824252987283,
            0.24157727757687222,
            0.8594739127693044,
            -0.3749043056934455,
            -0.4704964478449367,
            -0.3656724466508422,
            -0.5912185915111355,
            0.297370183465547,
            -0.30176745597580507,
            -0.14879377691425377,
            0.5721121234285116,
            0.6478921655178593,
            1.0243175966758928,
            -0.3352471875404394,
            1.3595933126017299,
            -0.6211901747176918,
            0.951654166929497,
            -0.16255379987307594,
            0.8436453853108744,
            -0.7166911309810368,
            0.08587048012979215,
            0.034426947579848835,
            0.334527480207756,
            0.6684576853111557,
            1.138632037735524,
            -0.3388332976654741,
            0.9871987117968899,
            -0.0714233215785403,
            0.37960068625125604,
            0.3094443860593045,
            0.9578805788526222,
            -0.3941118445124296,
            1.0247229574470127,
            0.6385830324468557,
            0.27651650873418265,
            -0.11687786095218751,
            -0.11655508837100576,
            -0.41905021286124655,
            -1.014030284643185,
            -0.49822097839180923,
            -0.24285529835982217,
            0.21692788265472213,
            -0.059807408983098234,
            0.26859503053052586,
            0.36027943877951574,
            -0.21924109933481195,
            -0.7909305549479306,
            0.1862100705364861,
            -1.4894964056348685,
            -0.5197700947873922,
            -0.7073436164971761,
            0.030971680451366723,
            0.8679990524546534,
