{
    "type": "svm_sgd",
    "dim": 129,
    "weights": [
        [
            0.20088328756152943,
            1.0635189974745234,
            -0.19969298128742108,
            0.294923479163703,
            -0.1749042594496771,
            0.4504548354797059,
            0.13453596365122505,
            -0.41907448771713857,
            -0.1415353228160644,
            -0.06494152759571517,
            0.3707776419477595,
            -0.3322069067389781,
            -0.7136273985359466,
            -0.933445019790011,
            -0.2535131430882866,
            -0.4923361201881896,
            0.21989859850468194,
            -0.0708710802509532,
            -0.5209013565288195,
            0.5344691703785492,
            -0.08569959468277964,
            0.25718981748695746,
            0.482951291274416,
            0.1433868707601026,
            0.013165353762381768,
            -0.2921076088440269,
            -0.7899722059111265,
            0.0637106257733918,
            -0.1537164199221455,
            0.6229297971660241,
            0.26559946124275025,
            -0.7009924575670359,
            -0.3998769581380416,
            0.01790502522205194,
            0.6178113610101699,
            -0.9228210895923324,
            0.7914603520508513,
            0.22766973389093162,
            -0.6298762455611709,
            0.18076474017570304,
            0.6265886638293937,
            0.25263864182025664,
            1.5771171189527344,
            0.42514080630866224,
            0.09054149525602694,
            -0.15355118360604178,
            -0.47046220930034904,
            0.529860705647146,
            -0.18307605615225486,
            -0.21968217034551155,
            -0.061381932934413685,
            0.18948207944749837,
            -0.07239607549135524,
            -0.013148611173556984,
            0.17667789982039686,
            0.18415392762316404,
            0.033071382329439104,
            1.2056398778562962,
            -0.6387731660961667,
            0.3732486507412835,
            0.2462839638945544,
            -0.35512582120901726,
            -0.09171709895261407,
            -0.1216032009539081,
            -1.2205436536298124,
            -0.1535420731977949,
            0.07069937053936265,
            -0.24695381650363876,
            -0.6402853685792113,
            -0.48798212205695723,
            1.158989478519957,
            -0.3596030652504888,
            -0.2390627921130553,
            0.18649742237018155,
            -0.10174324178137467,
            -0.3630819581469675,
            0.3146435943728207,
            -0.011612957344596126,
            0.17256094784921822,
            -0.9091505253024919,
            0.8001720849548833,
            0.32499442153661096,
            0.6705250703052539,
            -1.0184053273146298,
            0.20191802770150669,
            -0.4140752655726344,
            0.19530665309425582,
            -0.0827870425824694,
            -0.08105816790876921,
            0.009901893471905739,
            -0.06975813203526804,
            -0.08367336021488336,
            0.06304568531891638,
            0.13255055666314636,
            -0.29458627716277924,
            -0.008732861433354342,
            -1.0492649729051926,
            -0.11034935439558459,
            -0.08491239455092227,
            1.2600608015578916,
            -0.2375490152295246,
            -0.534721870676969,
            -0.1642342335491647,
            0.4828769071380394,
            1.6740083826664,
            0.38018329640207915,
            -0.7789721728384739,
            -0.38075013354371406,
            -0.30101904003984536,
            0.03760758924610235,
            0.420334009253604,
            0.7340414266089924,
            -0.23295072354674845,
            -0.5074644346345767,
            -0.10422647909314275,
            0.19871808535817967,
            -0.8516469312101398,
            -0.46368630644532344,
            0.35840065787706243,
            0.6646290266725252,
            0.13458116966548045,
            0.8223299219872703,
            -0.23970751220271033,
            -0.3676688580416703,
            -1.3791772482515459,
            -0.27535242881387917,
            -0.16433730431095595,
            1.8539188667318753,
            1.032669921141562
        ],
        [
            -0.20088328756152943,
            -1.0635189974745234,
            0.19969298128742108,
            -0.294923479163703,
            0.1749042594496771,
            -0.4504548354797059,
            -0.13453596365122505,
            0.41907448771713857,
            0.1415353228160644,
            0.06494152759571517,
            -0.3707776419477595,
            0.3322069067389781,
            0.7136273985359466,
            0.933445019790011,
            0.2535131430882866,
            0.4923361201881896,
            -0.21989859850468194,
            0.0708710802509532,
            0.5209013565288195,
            -0.5344691703785492,
            0.08569959468277964,
            -0.25718981748695746,
            -0.482951291274416,
            -0.1433868707601026,
            -0.013165353762381768,
            0.2921076088440269,
            0.7899722059111265,
            -0.0637106257733918,
            0.1537164199221455,
            -0.6229297971660241,
            -0.26559946124275025,
            0.7009924575670359,
            0.3998769581380416,
            -0.01790502522205194,
            -0.6178113610101699,
            0.9228210895923324,
            -0.7914603520508513,
            -0.22766973389093162,
            0.6298762455611709,
            -0.18076474017570304,
            -0.6265886638293937,
            -0.25263864182025664,
            -1.5771171189527344,
            -0.42514080630866224,
            -0.09054149525602694,
            0.15355118360604178,
            0.47046220930034904,
            -0.529860705647146,
            0.18307605615225486,
            0.21968217034551155,
            0.061381932934413685,
            -0.18948207944749837,
            0.07239607549135524,
            0.013148611173556984,
            -0.17667789982039686,
            -0.18415392762316404,
            -0.033071382329439104,
            -1.2056398778562962,
            0.6387731660961667,
            -0.3732486507412835,
            -0.2462839638945544,
            0.35512582120901726,
            0.09171709895261407,
            0.1216032009539081,
            1.2205436536298124,
            0.1535420731977949,
            -0.07069937053936265,
            0.24695381650363876,
            0.6402853685792113,
            0.48798212205695723,
            -1.158989478519957,
            0.3596030652504888,
            0.2390627921130553,
            -0.18649742237018155,
            0.10174324178137467,
            0.3630819581469675,
            -0.3146435943728207,
            0.011612957344596126,
            -0.17256094784921822,
            0.9091505253024919,
            -0.8001720849548833,
            -0.32499442153661096,
            -0.6705250703052539,
            1.0184053273146298,
            -0.20191802770150669,
            0.4140752655726344,
            -0.19530665309425582,
            0.0827870425824694,
            0.08105816790876921,
            -0.009901893471905739,
            0.06975813203526804,
            0.08367336021488336,
            -0.06304568531891638,
            -0.13255055666314636,
            0.29458627716277924,
            0.008732861433354342,
            1.0492649729051926,
            0.11034935439558459,
            0.08491239455092227,
            -1.2600608015578916,
            0.2375490152295246,
            0.534721870676969,
            0.1642342335491647,
            -0.4828769071380394,
            -1.6740083826664,
            -0.38018329640207915,
            0.7789721728384739,
            0.38075013354371406,
            0.30101904003984536,
            -0.03760758924610235,
            -0.420334009253604,
