{
    "type": "svm_sgd",
    "dim": 31,
    "weights": [
        [
            0.1811594202898543,
            0.1014492753623176,
            0.21739130434782408,
            -0.7391304347826119,
            0.10144927536232277,
            -0.5072463768115859,
            0.6739130434782518,
            0.6594202898550765,
            -0.8188405797101566,
            0.7246376811594204,
            0.4057971014492816,
            0.47101449275363727,
            0.028985507246374862,
            0.42028985507244826,
            0.07971014492753589,
            0.028985507246379,
            0.3623188405797271,
            -0.07971014492753234,
            0.06521739130435023,
            0.07971014492753047,
            0.043478260869567,
            0.3188405797101583,
            0.1304347826086975,
            -0.32608695652175546,
            0.37681159420289234,
            -0.30434782608693667,
            1.6811594202898799,
            -0.8768115942029276,
            1.0217391304347727,
            -0.5217391304347848,
            0.4999999999999885
        ],
        [
            -0.1811594202898543,
            -0.1014492753623176,
            -0.21739130434782408,
            0.7391304347826119,
            -0.10144927536232277,
            0.5072463768115859,
            -0.6739130434782518,
            -0.6594202898550765,
            0.8188405797101566,
            -0.7246376811594204,
            -0.4057971014492816,
            -0.47101449275363727,
            -0.028985507246374862,
            -0.42028985507244826,
            -0.07971014492753589,
            -0.028985507246379,
            -0.3623188405797271,
            0.07971014492753234,
            -0.06521739130435023,
            -0.07971014492753047,
            -0.043478260869567,
            -0.3188405797101583,
            -0.1304347826086975,
            0.32608695652175546,
            -0.37681159420289234,
            0.30434782608693667,
            -1.6811594202898799,
            0.8768115942029276,
            -1.0217391304347727,
            0.5217391304347848,
            -0.4999999999999885
        ]
    ],
    "bias_index": 30,
    "lambda": 0.0001,
    "epochs": 20,
    "eta0": 0.1,
    "goal_column": "119_diabetes",
    "classes": [
        "329_0",
        "330_1"
    ],
    "num_classes": 2,
    "label_map": {
        "+1": "329_0",
        "-1": "330_1"
    },
    "feature_index": {
        "CAT::111_gender::299_Female": 0,
        "CAT::111_gender::300_Male": 1,
        "CAT::111_gender::301_Other": 2,
        "CAT::112_age::302_6": 3,
        "CAT::112_age::308_4": 4,
        "CAT::112_age::305_5": 5,
        "CAT::112_age::307_2": 6,
        "CAT::112_age::306_1": 7,
        "CAT::112_age::303_7": 8,
        "CAT::112_age::304_3": 9,
        "CAT::112_age::309_0": 10,
        "CAT::113_hypertension::311_0": 11,
        "CAT::113_hypertension::310_1": 12,
        "CAT::114_heart_disease::312_0": 13,
        "CAT::114_heart_disease::313_1": 14,
        "CAT::115_smoking_history::316_never": 15,
        "CAT::115_smoking_history::317_No Info": 16,
        "CAT::115_smoking_history::318_current": 17,
        "CAT::115_smoking_history::314_not current": 18,
        "CAT::115_smoking_history::315_former": 19,
        "CAT::115_smoking_history::319_ever": 20,
        "CAT::116_bmi::321_1": 21,
        "CAT::116_bmi::322_2": 22,
        "CAT::116_bmi::320_3": 23,
        "CAT::116_bmi::323_0": 24,
        "CAT::117_HbA1c_level::324_1": 25,
        "CAT::117_HbA1c_level::326_0": 26,
        "CAT::117_HbA1c_level::325_2": 27,
        "CAT::118_blood_glucose_level::327_0": 28,
        "CAT::118_blood_glucose_level::328_2": 29
    },
    "numeric_minmax": [],
    "kernel": "sgd",
    "kernel_meta": {
        "type": "sgd"
    }
}