{
    "type": "svm_sgd",
    "dim": 129,
    "weights": [
        [
            -1.6391985401732996,
            -0.4751384913359518,
            -0.1436119802614458,
            -0.5214526035885809,
            1.1003870413264145,
            0.8608437381631682,
            -1.8979160207584675,
            0.36411520057775154,
            -0.06543783417705124,
            -0.4953315079098717,
            -0.15613987804814428,
            2.3020407447435627,
            1.1431678523338895,
            -1.8032635030971718,
            0.21639429779815528,
            0.8784916283453479,
            -0.01686876252656709,
            -1.5084245494036033,
            0.8843601829680036,
            -0.05716965110448031,
            0.7963954263465658,
            -0.3525558092961737,
            -1.207802316904754,
            0.15427852908462722,
            -0.09302489711512801,
            0.09945856352201639,
            0.22146246756827498,
            0.3950315374521809,
            -0.4188056404891725,
            0.5423533883566042,
            0.1860545606622974,
            0.25730047990931854,
            0.047180382338697896,
            0.9375943348663572,
            0.8655069473543858,
            0.5417132995956208,
            -1.671140100155973,
            0.24272431029320102,
            0.8713121722680531,
            0.32866110574676466,
            -0.1703656783921862,
            0.3955779079619791,
            -0.02028695180064071,
            0.13681934324025494,
            -0.05412084857083974,
            0.4232490804161765,
            -1.439996011768413,
            -0.48705545700191666,
            -0.25903304917735515,
            -0.531008716901731,
            -1.5073268098584096,
            1.5282505103129302,
            -1.0060493068269025,
            0.05906171696893002,
            -0.43113964995554066,
            0.6876311258434971,
            -0.33806518657279455,
            -0.9929747885931448,
            -0.8917679378325409,
            0.03801816058643997,
            0.8698727127573496,
            0.1854493694714472,
            0.5676366896246255,
            0.061462723516818106,
            0.12228478333595148,
            -0.704709798905123,
            0.29095217513217175,
            -0.2520638756113707,
            -0.12796154217091465,
            -1.5249884365633979,
            0.9907757538823648,
            0.49055639306051146,
            -0.7124444923840768,
            -0.734485057812474,
            0.37133648174776546,
            0.6725583408834984,
            0.01512619756528442,
            0.2832614864712551,
            -0.012306297938301883,
            0.5118780922209042,
            1.0503037317211035,
            -0.586575966866193,
            -0.9092326293807714,
            -0.519101863622625,
            0.3027474254928859,
            0.6149083057481362,
            -0.07595860419734857,
            0.10651313081229105,
            -0.515756226734953,
            -0.09363979031039506,
            1.1729746202237326,
            1.3031833874134917,
            -0.5118183691201478,
            -0.26829741204030794,
            0.5844953751678599,
            -0.5606576365300485,
            -1.444510682847849,
            -0.028502259069250302,
            -0.05297051863246421,
            0.5042091109265442,
            1.6308460662783646,
            -1.5622404979171984,
            -0.28682732033017094,
            0.30977167839904857,
            -1.2089231943288063,
            1.7063372928891807,
            -0.018357555993288813,
            0.8309325614650166,
            1.633523760939431,
            -0.5554877069050338,
            0.050655314828950394,
            0.2361779214699509,
            -0.13853812571562965,
            0.3098794591263629,
            1.3124635018644932,
            -1.4333920841181496,
            0.028217100588761423,
            -0.2193786013944389,
            -0.1747408898798554,
            0.8889394218661435,
            0.018411966389083795,
            -0.016736720463637448,
            -0.08526403965536972,
            -0.6011533985974833,
            0.24505833353837078,
            -0.17247070397094788,
            1.3179879263363805,
            -0.2752803197569815,
            2.0099540581929496
        ],
        [
            1.625602247591287,
            0.5811802490067438,
            0.13822633879061041,
            0.5456441224459646,
            -0.9778401347327467,
            -0.9650177479969854,
            1.8086713041448383,
            -0.3080057227536028,
            0.21723213561618715,
            0.5389104780191429,
            0.1335222551146388,
            -2.1329435155508216,
            -1.3344609878553588,
            1.9131348649350755,
            -0.32947281538627077,
            -0.8940406916547903,
            -0.033393216890630247,
            1.45423112698702,
            -0.7970415028066178,
            0.08043760258749781,
            -1.0521230594382958,
            0.3121474081579822,
            1.0269935558861614,
            -0.14547241508228456,
            0.12396631458338006,
            -0.1252201972311716,
            -0.2818019889588206,
            -0.18828579631054784,
            0.11740755831690088,
            -0.6926595867117535,
            -0.19956943961670348,
            -0.2550674130567637,
            -0.01890033802476599,
            -0.9003960096487823,
            -0.7656877733266907,
            -0.5541663743321514,
            1.8350270669300404,
            -0.13648702446867822,
            -0.7307333323379591,
            -0.2593946302047018,
            0.37269381650712696,
            -0.39063333902937153,
            -0.22059173215625477,
            -0.05603751018021902,
            0.07451684541149033,
            -0.25372486796539,
            1.5288169865324872,
            0.4309724110307738,
            0.26701821581764923,
            0.5172043334865337,
            1.4806347916791438,
            -1.7171887712858216,
            0.9694344626567436,
            0.036667678509596874,
            0.46857635591944075,
            -0.6071343540178376,
            0.235336982354,
            1.1798637496386342,
            0.8558644535949969,
            -0.07535413330365483,
            -0.7148655343961424,
            -0.17824010039117322,
            -0.366453278252267,
            0.014649050330538382,
            -0.10959161714398688,
            0.5976496908057574,
            -0.2755988935924188,
            0.29377120929672074,
            -0.05831826414439664,
            1.6988276703759948,
            -1.1913400822959483,
            -0.4231589362786791,
            0.8071530163653349,
            0.7062705747554736,
            -0.4467468666548581,
            -0.4662111764556472,
            -0.04854074266406319,
            -0.21927958235691059,
            0.03682730101390166,
            -0.4881781864249708,
            -0.9652768480615852,
            0.4709577138221991,
            0.8674645004213106,
            0.5636851248027207,
            -0.3193692963018478,
            -0.535967597709169,
            0.1108351794740642,
            -0.11457505773504248,
            0.3960782165445848,
            0.08300682615109252,
            -1.2289621429973476,
            -1.2099417888258324,
            0.4745099732224171,
            0.4099110709937703,
            -0.576761534901735,
            0.5268592125434407,
            1.7002012414201348,
            0.12266816743371388,
            0.05548746858584873,
            -0.5691029383093053,
            -1.67057965750922,
            1.7409403450106185,
            0.21687486177650236,
            -0.43772091065835367,
            1.1296523096776447,
            -1.5808034997162044,
            0.02782706495078876,
            -0.7555997727154834,
            -1.3970937626811823,
            0.4807339140302627,
            0.11282995680885755,
            -0.22539199954894712,
