{
    "type": "svm_sgd",
    "dim": 57,
    "weights": [
        [
            -0.3869220352099042,
            -0.0967305088024768,
            0.7738440704198085,
            -0.38692203520990615,
            1.3542271232346623,
            -1.4509576320371438,
            -1.257496614432196,
            1.3542271232346632,
            -0.967305088024763,
            0.7738440704198117,
            0.9673050880247648,
            -0.773844070419811,
            0.3869220352099031,
            1.5476881408396201,
            1.644418649642092,
            -0.09673050880247652,
            -1.160766105629713,
            -1.8378796672470459,
            -0.7738440704198102,
            -1.0640355968272395,
            1.160766105629711,
            0.3869220352099044,
            -0.7738440704198111,
            0.09673050880247547,
            0.0967305088024767,
            -0.0967305088024773,
            -5.551115123125783e-17,
            0.6771135616173337,
            -0.19346101760495332,
            -0.5803830528148562,
            1.7411491584445709,
            -0.09673050880247674,
            -1.644418649642097,
            -1.1607661056297136,
            -6.244581655791659e-16,
            1.257496614432189,
            0.3869220352099051,
            0.19346101760495302,
            -0.7738440704198085,
            0.8705745792222899,
            -0.9673050880247647,
            -0.6771135616173338,
            0.9673050880247626,
            -0.3869220352099063,
            -1.257496614432189,
            -0.09673050880247677,
            1.2574966144321933,
            -1.354227123234666,
            2.031340684851995,
            -0.8705745792222884,
            0.19346101760495263,
            -0.09673050880247665,
            0.19346101760495235,
            -0.967305088024761,
            0.6771135616173362,
            0.0,
            -0.0967305088024762
        ],
        [
            0.3869220352099042,
            0.0967305088024768,
            -0.7738440704198085,
            0.38692203520990615,
            -1.3542271232346623,
            1.4509576320371438,
            1.257496614432196,
            -1.3542271232346632,
            0.967305088024763,
            -0.7738440704198117,
            -0.9673050880247648,
            0.773844070419811,
            -0.3869220352099031,
            -1.5476881408396201,
            -1.644418649642092,
            0.09673050880247652,
            1.160766105629713,
            1.8378796672470459,
            0.7738440704198102,
            1.0640355968272395,
            -1.160766105629711,
            -0.3869220352099044,
            0.7738440704198111,
            -0.09673050880247547,
            -0.0967305088024767,
            0.0967305088024773,
            5.551115123125783e-17,
            -0.6771135616173337,
            0.19346101760495332,
            0.5803830528148562,
            -1.7411491584445709,
            0.09673050880247674,
            1.644418649642097,
            1.1607661056297136,
            6.244581655791659e-16,
            -1.257496614432189,
            -0.3869220352099051,
            -0.19346101760495302,
            0.7738440704198085,
            -0.8705745792222899,
            0.9673050880247647,
            0.6771135616173338,
            -0.9673050880247626,
            0.3869220352099063,
            1.257496614432189,
            0.09673050880247677,
            -1.2574966144321933,
            1.354227123234666,
            -2.031340684851995,
            0.8705745792222884,
            -0.19346101760495263,
            0.09673050880247665,
            -0.19346101760495235,
            0.967305088024761,
            -0.6771135616173362,
            0.0,
            0.0967305088024762
        ]
    ],
    "bias_index": 56,
    "lambda": 0.0001,
    "epochs": 20,
    "eta0": 0.1,
    "goal_column": "305_target",
    "classes": [
        "1084_1",
        "1085_0"
    ],
    "num_classes": 2,
    "label_map": {
        "+1": "1084_1",
        "-1": "1085_0"
    },
    "feature_index": {
        "CAT::292_age::1028_6": 0,
        "CAT::292_age::1029_5": 1,
        "CAT::292_age::1030_4": 2,
        "CAT::292_age::1031_7": 3,
        "CAT::293_sex::1032_0": 4,
        "CAT::293_sex::1033_1": 5,
        "CAT::294_cp::1034_0": 6,
        "CAT::294_cp::1035_2": 7,
        "CAT::294_cp::1036_1": 8,
        "CAT::294_cp::1037_3": 9,
        "CAT::295_trestbps::1038_3": 10,
        "CAT::295_trestbps::1039_1": 11,
        "CAT::295_trestbps::1040_4": 12,
        "CAT::295_trestbps::1041_2": 13,
        "CAT::295_trestbps::1042_0": 14,
        "CAT::295_trestbps::1043_5": 15,
        "CAT::295_trestbps::1044_7": 16,
        "CAT::295_trestbps::1045_6": 17,
        "CAT::295_trestbps::1046_8": 18,
        "CAT::296_chol::1047_4": 19,
        "CAT::296_chol::1048_5": 20,
        "CAT::296_chol::1049_2": 21,
        "CAT::296_chol::1050_1": 22,
        "CAT::296_chol::1051_3": 23,
        "CAT::296_chol::1052_0": 24,
        "CAT::297_fbs::1053_0": 25,
        "CAT::297_fbs::1054_1": 26,
        "CAT::298_restecg::1055_1": 27,
        "CAT::298_restecg::1056_0": 28,
        "CAT::298_restecg::1057_2": 29,
        "CAT::299_thalach::1058_2": 30,
        "CAT::299_thalach::1059_5": 31,
        "CAT::299_thalach::1060_1": 32,
        "CAT::299_thalach::1061_0": 33,
        "CAT::299_thalach::1062_6": 34,
        "CAT::299_thalach::1063_7": 35,
        "CAT::299_thalach::1064_4": 36,
        "CAT::299_thalach::1065_8": 37,
        "CAT::299_thalach::1066_3": 38,
        "CAT::300_exang::1067_0": 39,
        "CAT::300_exang::1068_1": 40,
        "CAT::301_oldpeak::1069_7": 41,
        "CAT::301_oldpeak::1070_0": 42,
        "CAT::301_oldpeak::1071_1": 43,
        "CAT::302_slope::1072_1": 44,
        "CAT::302_slope::1073_0": 45,
        "CAT::302_slope::1074_2": 46,
        "CAT::303_ca::1075_2": 47,
        "CAT::303_ca::1076_0": 48,
        "CAT::303_ca::1077_1": 49,
        "CAT::303_ca::1078_3": 50,
        "CAT::303_ca::1079_4": 51,
        "CAT::304_thal::1080_2": 52,
        "CAT::304_thal::1081_3": 53,
        "CAT::304_thal::1082_1": 54,
        "CAT::304_thal::1083_0": 55
    },
    "numeric_minmax": [],
    "kernel": "sgd",
    "kernel_meta": {
        "type": "sgd"
    }
}