{
    "type": "svm_sgd",
    "dim": 135,
    "weights": [
        [
            -0.48363694986297284,
            -0.08060615831049421,
            0.48363694986296796,
            -2.1371104144775067e-15,
            -0.08060615831049545,
            -0.7254554247944581,
            0.4030307915524776,
            0.48363694986296507,
            -0.24181847493148395,
            -0.4836369498629677,
            1.9982081441694554e-15,
            0.16121231662099414,
            0.24181847493148384,
            0.2418184749314827,
            -0.16121231662098978,
            0.4030307915524749,
            -0.5642431081734594,
            0.2418184749314861,
            -0.3224246332419809,
            0.24181847493148761,
            0.40303079155247323,
            -0.08060615831049522,
            -0.1612123166209903,
            0.32242463324197945,
            1.0478800580364356,
            0.16121231662098784,
            0.1612123166209926,
            -0.9672738997259499,
            0.24181847493148595,
            0.08060615831049342,
            -1.289698532967919,
            -0.08060615831049457,
            0.48363694986296724,
            -0.1612123166209881,
            -0.8866677414154431,
            0.08060615831049343,
            -0.4030307915524724,
            -0.7254554247944537,
            -0.4836369498629675,
            1.9345477994518803,
            -0.24181847493148725,
            0.16121231662099042,
            -0.08060615831049522,
            -0.32242463324197823,
            0.8060615831049524,
            -0.5642431081734637,
            0.08060615831049654,
            0.1612123166209906,
            -0.5642431081734675,
            0.5642431081734636,
            -0.08060615831049524,
            0.24181847493148592,
            -0.24181847493148473,
            -0.08060615831049522,
            -0.32242463324197923,
            0.16121231662099145,
            0.5642431081734641,
            0.24181847493148542,
            -1.0478800580364314,
            0.2418184749314822,
            0.4030307915524749,
            -0.2418184749314868,
            0.4836369498629722,
            -0.48363694986296907,
            -0.08060615831049522,
            -0.564243108173476,
            0.08060615831049674,
            0.32242463324198084,
            0.16121231662098867,
            0.24181847493148548,
            -0.3224246332419765,
            0.16121231662099075,
            -0.24181847493148295,
            -0.6448492664839641,
            0.5642431081734748,
            0.08060615831049725,
            -0.16121231662099025,
            -0.48363694986296707,
            0.40303079155247473,
            -0.0806061583104925,
            -2.5256759443825077e-15,
            -0.08060615831049572,
            -9.43681964212288e-16,
            -0.24181847493148398,
            0.1612123166209914,
            -0.48363694986297023,
            0.16121231662099106,
            0.24181847493148714,
            -0.40303079155247407,
            1.8871052999753442e-15,
            0.32242463324197973,
            -0.08060615831049533,
            0.0806061583104957,
            -0.16121231662099167,
            -2.4987909076253185,
            -2.5793970659358507,
            -0.32242463324197584,
            5.320006448492669,
            -3.1436401741093185,
            -3.2242463324198063,
            -0.08060615831049522,
            3.949701757214255,
            -2.9018216991778254,
            2.4987909076253305,
            3.4660648073513065,
            2.4181847493148605,
            -3.0630340157987836,
            -2.7406093825568214,
            2.740609382556809,
            2.0957601160728645,
            -2.176366274383343,
            2.660003224246332,
            -2.740609382556812,
            2.660003224246326,
            -2.4181847493148565,
            -0.08060615831049522,
            -3.4660648073512674,
            1.6927293245203943,
            -3.546670965661766,
            -2.4987909076253363,
            -2.660003224246333,
            3.546670965661787,
            3.6272771239722874,
            3.063034015798787,
            8.881712604350946e-16,
            -0.08060615831049464,
            -0.16121231662098676,
            0.08060615831049414,
            1.0269231861775032e-15,
            -0.0806061583104921,
            -0.4030307915524715,
            0.3224246332419763,
            -1.4709980774975044e-15,
            -0.08060615831049311,
            -0.08060615831049533
        ],
        [
            0.48363694986297284,
            0.08060615831049421,
            -0.48363694986296796,
            2.1371104144775067e-15,
            0.08060615831049545,
            0.7254554247944581,
            -0.4030307915524776,
            -0.48363694986296507,
            0.24181847493148395,
            0.4836369498629677,
            -1.9982081441694554e-15,
            -0.16121231662099414,
            -0.24181847493148384,
            -0.2418184749314827,
            0.16121231662098978,
            -0.4030307915524749,
            0.5642431081734594,
            -0.2418184749314861,
            0.3224246332419809,
            -0.24181847493148761,
            -0.40303079155247323,
            0.08060615831049522,
            0.1612123166209903,
            -0.32242463324197945,
            -1.0478800580364356,
            -0.16121231662098784,
            -0.1612123166209926,
            0.9672738997259499,
            -0.24181847493148595,
            -0.08060615831049342,
            1.289698532967919,
            0.08060615831049457,
            -0.48363694986296724,
            0.1612123166209881,
            0.8866677414154431,
            -0.08060615831049343,
            0.4030307915524724,
            0.7254554247944537,
            0.4836369498629675,
            -1.9345477994518803,
            0.24181847493148725,
            -0.16121231662099042,
            0.08060615831049522,
            0.32242463324197823,
            -0.8060615831049524,
            0.5642431081734637,
            -0.08060615831049654,
            -0.1612123166209906,
            0.5642431081734675,
            -0.5642431081734636,
            0.08060615831049524,
            -0.24181847493148592,
            0.24181847493148473,
            0.08060615831049522,
            0.32242463324197923,
            -0.16121231662099145,
            -0.5642431081734641,
            -0.24181847493148542,
            1.0478800580364314,
            -0.2418184749314822,
            -0.4030307915524749,
            0.2418184749314868,
            -0.4836369498629722,
            0.48363694986296907,
            0.08060615831049522,
            0.564243108173476,
            -0.08060615831049674,
            -0.32242463324198084,
            -0.16121231662098867,
            -0.24181847493148548,
            0.3224246332419765,
            -0.16121231662099075,
            0.24181847493148295,
            0.6448492664839641,
            -0.5642431081734748,
            -0.08060615831049725,
            0.16121231662099025,
            0.48363694986296707,
            -0.40303079155247473,
            0.0806061583104925,
            2.5256759443825077e-15,
            0.08060615831049572,
            9.43681964212288e-16,
            0.24181847493148398,
            -0.1612123166209914,
            0.48363694986297023,
            -0.16121231662099106,
            -0.24181847493148714,
            0.40303079155247407,
            -1.8871052999753442e-15,
            -0.32242463324197973,
            0.08060615831049533,
            -0.0806061583104957,
            0.16121231662099167,
            2.4987909076253185,
            2.5793970659358507,
            0.32242463324197584,
            -5.320006448492669,
            3.1436401741093185,
            3.2242463324198063,
            0.08060615831049522,
            -3.949701757214255,
            2.9018216991778254,
