{
    "type": "svm_sgd",
    "dim": 129,
    "weights": [
        [
            -0.3325602209854734,
            -0.709587098313688,
            -0.12410166435752211,
            0.3994969598535166,
            0.1921044448560335,
            -0.9532650629259416,
            1.9656024660104008,
            0.5637213147800442,
            -0.20469312663862257,
            0.34803152663384374,
            -1.7797255600054618,
            -0.470184821661037,
            -1.5216130267175219,
            -0.43822168668221784,
            0.27249738729869305,
            2.5304664737353963,
            -0.06690970946256215,
            -0.7496602763550234,
            -0.42140212359887497,
            0.18464347144405333,
            0.22688975956258486,
            0.4108220065551047,
            -0.5473379625191572,
            0.22394241098806977,
            -0.08755596252848406,
            -0.1476334580875476,
            0.7452074421250546,
            -0.22909840951306254,
            -0.6318880249747969,
            -0.4734218007483319,
            0.24153922174307865,
            -0.8423191033497472,
            0.01975549442388805,
            0.412569660501382,
            0.8815687202512751,
            0.5056654820837009,
            -0.7485834840928441,
            0.33853248475411224,
            0.4891574717382557,
            0.17343013632438123,
            0.48608038188218566,
            -0.307598843503736,
            0.5707675642315336,
            0.6574216897936668,
            -0.30986186147739836,
            0.017661392028775598,
            1.3652765673751857,
            1.197517659481807,
            1.0195758865642157,
            -1.146906056005011,
            0.6057351153124094,
            -0.7008893210673725,
            -0.05397361136346578,
            0.06936182105913352,
            -0.0015259364293875846,
            0.5349828910503354,
            0.11950135425604069,
            -0.8255833322227858,
            0.19397069304019435,
            0.027377768446926333,
            0.061475635852196765,
            -0.11630882372692197,
            0.6419402700468845,
            0.09632137202281277,
            0.28553144969750666,
            0.1650451544284351,
            0.45673804685262787,
            -0.6336862380751548,
            -0.1393973147623297,
            0.018528762275962524,
            0.32238121158345556,
            -0.17709234127898765,
            0.4768422020471867,
            -0.5529440613482032,
            -0.22710547550748997,
            0.23590656531147283,
            0.17056781311481442,
            1.8001120089535156,
            0.2801956074415643,
            0.47128840116693965,
            -1.9490857989042725,
            0.8040205682145148,
            -0.7657260019929266,
            0.8804215340257692,
            -1.6954814099985098,
            -0.9334522546984363,
            1.588522952422634,
            0.7911678166709168,
            -1.5150012081109143,
            -0.36138390973852597,
            -0.19296973515067448,
            -0.9001580804734269,
            0.18833247043824322,
            0.33095961313576655,
            0.14010090555535817,
            0.23459244921866873,
            0.31594141015249433,
            -0.42894089333215957,
            -0.5369765379104515,
            -0.3462200936748057,
            -0.22833058255687094,
            -0.4363980898621477,
            -1.5661744275516425,
            -0.8367683371651405,
            -0.6888713623332667,
            0.4185931641118712,
            0.118887734422237,
            -0.6696690468147579,
            0.08443929378369204,
            -0.04772285264313589,
            -0.2516095486214087,
            1.5734209250723896,
            -0.25402154821677136,
            0.42465746892507605,
            -0.15684109243134198,
            -0.4393232490619127,
            -0.4369687664152395,
            -0.10374915186604229,
            -0.10341393977194777,
            -0.6580512598510194,
            -0.2358855843679856,
            -0.6652212916799252,
            0.2616391979363118,
            -0.18994247557736613,
            0.4186615105098057,
            -0.33946637618395037,
            -0.32145114366676386,
            0.508115036558578,
            0.8442622950819676
        ],
        [
            0.3325602209854734,
            0.709587098313688,
            0.12410166435752211,
            -0.3994969598535166,
            -0.1921044448560335,
            0.9532650629259416,
            -1.9656024660104008,
            -0.5637213147800442,
            0.20469312663862257,
            -0.34803152663384374,
            1.7797255600054618,
            0.470184821661037,
            1.5216130267175219,
            0.43822168668221784,
            -0.27249738729869305,
            -2.5304664737353963,
            0.06690970946256215,
            0.7496602763550234,
            0.42140212359887497,
            -0.18464347144405333,
            -0.22688975956258486,
            -0.4108220065551047,
            0.5473379625191572,
            -0.22394241098806977,
            0.08755596252848406,
            0.1476334580875476,
            -0.7452074421250546,
            0.22909840951306254,
            0.6318880249747969,
            0.4734218007483319,
            -0.24153922174307865,
            0.8423191033497472,
            -0.01975549442388805,
            -0.412569660501382,
            -0.8815687202512751,
            -0.5056654820837009,
            0.7485834840928441,
            -0.33853248475411224,
            -0.4891574717382557,
            -0.17343013632438123,
            -0.48608038188218566,
            0.307598843503736,
            -0.5707675642315336,
            -0.6574216897936668,
            0.30986186147739836,
            -0.017661392028775598,
            -1.3652765673751857,
            -1.197517659481807,
            -1.0195758865642157,
            1.146906056005011,
            -0.6057351153124094,
            0.7008893210673725,
            0.05397361136346578,
            -0.06936182105913352,
            0.0015259364293875846,
            -0.5349828910503354,
            -0.11950135425604069,
            0.8255833322227858,
            -0.19397069304019435,
            -0.027377768446926333,
            -0.061475635852196765,
            0.11630882372692197,
            -0.6419402700468845,
            -0.09632137202281277,
            -0.28553144969750666,
            -0.1650451544284351,
            -0.45673804685262787,
            0.6336862380751548,
            0.1393973147623297,
            -0.018528762275962524,
            -0.32238121158345556,
            0.17709234127898765,
            -0.4768422020471867,
            0.5529440613482032,
            0.22710547550748997,
            -0.23590656531147283,
            -0.17056781311481442,
            -1.8001120089535156,
            -0.2801956074415643,
            -0.47128840116693965,
            1.9490857989042725,
            -0.8040205682145148,
            0.7657260019929266,
            -0.8804215340257692,
            1.6954814099985098,
            0.9334522546984363,
            -1.588522952422634,
            -0.7911678166709168,
            1.5150012081109143,
            0.36138390973852597,
            0.19296973515067448,
            0.9001580804734269,
            -0.18833247043824322,
            -0.33095961313576655,
            -0.14010090555535817,
            -0.23459244921866873,
            -0.31594141015249433,
            0.42894089333215957,
            0.5369765379104515,
            0.3462200936748057,
            0.22833058255687094,
            0.4363980898621477,
            1.5661744275516425,
            0.8367683371651405,
            0.6888713623332667,
            -0.4185931641118712,
            -0.118887734422237,
            0.6696690468147579,
            -0.08443929378369204,
            0.04772285264313589,
            0.2516095486214087,
