{
    "type": "svm_sgd",
    "dim": 129,
    "weights": [
        [
            -0.952876744361502,
            0.2585423731200467,
            -0.13863100037200096,
            -2.635604123045645,
            -0.8025626247913787,
            -3.408968018082686,
            0.043918439603716206,
            -2.111774503265248,
            -1.572027297877728,
            -0.15739552461451145,
            0.1464770710287247,
            0.08627472010528005,
            0.07200247050579595,
            0.9630835568508359,
            -1.2389685119135891,
            -0.2696675315093113,
            -1.3363192611897587,
            1.6998878915712743,
            2.2023270051321515,
            -1.1901662689192947,
            -0.03200285244798364,
            0.4756676377861374,
            1.2917804853840567,
            0.16096660415977693,
            -1.1324990533805608,
            0.7563247629088532,
            0.09964872079489295,
            -0.6936109008432393,
            1.277978607698411,
            -1.2322603794422755,
            0.12418347556595176,
            0.8466583736224715,
            0.08607603273976086,
            -0.3893094817125185,
            -0.3337880903834383,
            -0.272053011681367,
            -0.16139097633124608,
            -0.662119677012428,
            0.30276651261975146,
            -0.422670819908492,
            -0.15727622861953783,
            -1.0996044721537954,
            -0.4223013942957003,
            -0.1297655655341354,
            1.0726693986355311,
            0.1615947903962967,
            1.6109107143133137,
            -3.2655473125266203,
            0.04375592365707084,
            0.5587046627937714,
            -0.7496830468706819,
            2.172334538961532,
            2.7587434814383305,
            -0.9243784255530508,
            0.05382428044184885,
            0.42329067358847217,
            0.3805916356863449,
            -0.5744730867877366,
            -1.0561256217801869,
            -0.1615874133344693,
            1.4085026293957053,
            1.2558846221584705,
            0.16125192156586607,
            0.3818821063727197,
            -0.1343404746417835,
            0.4237853971737917,
            0.03932131087290722,
            -2.7143735913891636,
            0.21013344222701105,
            -0.09806784440130951,
            0.24057595045106292,
            1.5672826725471232,
            0.6529253517769135,
            0.009850288538519056,
            -1.0054548591199173,
            1.2331855455314253,
            0.18191836329555633,
            -0.1505437055805125,
            1.7767013150890179,
            0.1608026382903232,
            -0.9727278452812798,
            0.13117959116266067,
            -0.35779170999892873,
            -2.979136071831913,
            -0.16073737851499145,
            0.4514131795547589,
            1.6246523568740145,
            -0.9682946131878604,
            -0.4171553265020701,
            1.3676400436447995,
            -0.251503490990686,
            0.0855589468281487,
            -0.36370655451396816,
            -1.3292924383345814,
            0.0554489644076557,
            -0.7361704799145,
            -1.610945111080901,
            -0.9902248637303598,
            0.5396994136922737,
            -0.6004012450732815,
            -0.0054563708078120094,
            0.8591677764709824,
            -3.05133586271272,
            -0.036058892474593505,
            2.686557825195181,
            0.6058263025743789,
            0.11722152288332771,
            -1.4497890179238584,
            -0.3118810752934865,
            0.1612902643669579,
            0.07464579071437143,
            0.7493404609397006,
            -0.2565184346014522,
            0.338186090227677,
            -0.18100713079650238,
            0.16207021939876323,
            -0.49916233187065395,
            -1.362163570544617,
            -0.16159325235459188,
            1.7770961483352137,
            -0.05024056160266871,
            -0.6360599539312007,
            1.6224757060145116,
            0.060015787120920754,
            -0.20407096659756013,
            -0.1379971709457172,
            0.17920435639429266,
            -0.5864172361211082,
            1.828153564899434
        ],
        [
            0.952876744361502,
            -0.2585423731200467,
            0.13863100037200096,
            2.635604123045645,
            0.8025626247913787,
            3.408968018082686,
            -0.043918439603716206,
            2.111774503265248,
            1.572027297877728,
            0.15739552461451145,
            -0.1464770710287247,
            -0.08627472010528005,
            -0.07200247050579595,
            -0.9630835568508359,
            1.2389685119135891,
            0.2696675315093113,
            1.3363192611897587,
            -1.6998878915712743,
            -2.2023270051321515,
            1.1901662689192947,
            0.03200285244798364,
            -0.4756676377861374,
            -1.2917804853840567,
            -0.16096660415977693,
            1.1324990533805608,
            -0.7563247629088532,
            -0.09964872079489295,
            0.6936109008432393,
            -1.277978607698411,
            1.2322603794422755,
            -0.12418347556595176,
            -0.8466583736224715,
            -0.08607603273976086,
            0.3893094817125185,
            0.3337880903834383,
            0.272053011681367,
            0.16139097633124608,
            0.662119677012428,
            -0.30276651261975146,
            0.422670819908492,
            0.15727622861953783,
            1.0996044721537954,
            0.4223013942957003,
            0.1297655655341354,
            -1.0726693986355311,
            -0.1615947903962967,
            -1.6109107143133137,
            3.2655473125266203,
            -0.04375592365707084,
            -0.5587046627937714,
            0.7496830468706819,
            -2.172334538961532,
            -2.7587434814383305,
            0.9243784255530508,
            -0.05382428044184885,
            -0.42329067358847217,
            -0.3805916356863449,
            0.5744730867877366,
            1.0561256217801869,
            0.1615874133344693,
            -1.4085026293957053,
            -1.2558846221584705,
            -0.16125192156586607,
            -0.3818821063727197,
            0.1343404746417835,
            -0.4237853971737917,
            -0.03932131087290722,
            2.7143735913891636,
            -0.21013344222701105,
            0.09806784440130951,
            -0.24057595045106292,
            -1.5672826725471232,
            -0.6529253517769135,
            -0.009850288538519056,
            1.0054548591199173,
            -1.2331855455314253,
            -0.18191836329555633,
            0.1505437055805125,
            -1.7767013150890179,
            -0.1608026382903232,
            0.9727278452812798,
            -0.13117959116266067,
            0.35779170999892873,
            2.979136071831913,
            0.16073737851499145,
            -0.4514131795547589,
            -1.6246523568740145,
            0.9682946131878604,
            0.4171553265020701,
            -1.3676400436447995,
            0.251503490990686,
            -0.0855589468281487,
            0.36370655451396816,
            1.3292924383345814,
            -0.0554489644076557,
            0.7361704799145,
            1.610945111080901,
            0.9902248637303598,
            -0.5396994136922737,
            0.6004012450732815,
            0.0054563708078120094,
            -0.8591677764709824,
            3.05133586271272,
            0.036058892474593505,
            -2.686557825195181,
            -0.6058263025743789,
            -0.11722152288332771,
            1.4497890179238584,
            0.3118810752934865,
            -0.1612902643669579,
            -0.07464579071437143,
            -0.7493404609397006,
            0.2565184346014522,
