{
    "type": "svm_sgd",
    "dim": 11,
    "weights": [
        [
            -0.9978048293753744,
            1.5964877270005982,
            -0.2993414488126123,
            -0.5986828976252243,
            1.1973657952504488,
            -0.2993414488126124,
            -0.8980243464378366,
            1.197365795250447,
            0.8980243464378375,
            -0.5986828976252243,
            0.29934144881261215
        ],
        [
            0.9978048293753744,
            -1.5964877270005982,
            0.2993414488126123,
            0.5986828976252243,
            -1.1973657952504488,
            0.2993414488126124,
            0.8980243464378366,
            -1.197365795250447,
            -0.8980243464378375,
            0.5986828976252243,
            -0.29934144881261215
        ]
    ],
    "bias_index": 10,
    "lambda": 0.0001,
    "epochs": 20,
    "eta0": 0.1,
    "goal_column": "5_play",
    "classes": [
        "11_yes",
        "12_no"
    ],
    "num_classes": 2,
    "label_map": {
        "+1": "11_yes",
        "-1": "12_no"
    },
    "feature_index": {
        "CAT::1_outlook::1_sunny": 0,
        "CAT::1_outlook::2_cloudy": 1,
        "CAT::1_outlook::3_rainy": 2,
        "CAT::2_temperature::4_hot": 3,
        "CAT::2_temperature::5_mild": 4,
        "CAT::2_temperature::6_cool": 5,
        "CAT::3_humidity::7_high": 6,
        "CAT::3_humidity::8_normal": 7,
        "CAT::4_windy::10_false": 8,
        "CAT::4_windy::9_true": 9
    },
    "numeric_minmax": [],
    "kernel": "sgd",
    "kernel_meta": {
        "type": "sgd"
    }
}