{
    "type": "svm_sgd",
    "dim": 76,
    "weights": [
        [
            0.07031359864998181,
            0.9140767824497265,
            -0.07031359864997919,
            -0.21094079594993495,
            0.35156799324989485,
            0.984390381099707,
            0.8437631837997481,
            -2.1094079594993715,
            0.0,
            -0.21094079594993703,
            -0.7031359864997904,
            1.687526367599485,
            -2.320348755449316,
            3.09379834059908,
            0.5625087891998306,
            0.2109407959499362,
            0.2109407959499351,
            0.5625087891998349,
            -0.14062719729995946,
            0.9140767824497273,
            0.7031359864997825,
            0.07031359864997849,
            -2.812543945999151,
            3.585993531148921,
            0.14062719729995735,
            0.6328223878498114,
            0.9843903810997071,
            -0.21094079594993242,
            0.35156799324989546,
            0.4218815918998737,
            -0.0703135986499791,
            0.8437631837997441,
            0.6328223878498103,
            0.14062719729995649,
            0.28125439459991397,
            0.4921951905498498,
            0.7734495851497727,
            0.0,
            0.9843903810997062,
            -0.2109407959499347,
            -1.0547039797496927,
            1.8281535648994613,
            4.921951905498479,
            1.8281535648994613,
            -0.9140767824497328,
            -5.0625791027984155,
            0.5625087891998285,
            0.21094079594993584,
            0.14062719729995568,
            0.21094079594993584,
            0.4218815918998698,
            0.0,
            0.5625087891998266,
            0.21094079594993473,
            0.28125439459991286,
            1.8281535648994565,
            0.21094079594993473,
            -1.5468991702995492,
            0.7031359864997837,
            0.07031359864997622,
            0.7031359864997837,
            0.07031359864997622,
            0.773449585149773,
            -2.9557401737800354e-15,
            -0.28125439459991247,
            -0.3515679932498966,
            -2.9557401737800354e-15,
            1.4062719729995614,
            0.7734495851497727,
            0.7734495851497727,
            -0.7734495851497629,
            1.2656447756996079,
            -0.7031359864997929,
            0.5625087891998247,
            0.4218815918998714,
            0.7734495851497727
        ],
        [
            -0.07031359864998181,
            -0.9140767824497265,
            0.07031359864997919,
            0.21094079594993495,
            -0.35156799324989485,
            -0.984390381099707,
            -0.8437631837997481,
            2.1094079594993715,
            0.0,
            0.21094079594993703,
            0.7031359864997904,
            -1.687526367599485,
            2.320348755449316,
            -3.09379834059908,
            -0.5625087891998306,
            -0.2109407959499362,
            -0.2109407959499351,
            -0.5625087891998349,
            0.14062719729995946,
            -0.9140767824497273,
            -0.7031359864997825,
            -0.07031359864997849,
            2.812543945999151,
            -3.585993531148921,
            -0.14062719729995735,
            -0.6328223878498114,
            -0.9843903810997071,
            0.21094079594993242,
            -0.35156799324989546,
            -0.4218815918998737,
            0.0703135986499791,
            -0.8437631837997441,
            -0.6328223878498103,
            -0.14062719729995649,
            -0.28125439459991397,
            -0.4921951905498498,
            -0.7734495851497727,
            0.0,
            -0.9843903810997062,
            0.2109407959499347,
            1.0547039797496927,
            -1.8281535648994613,
            -4.921951905498479,
            -1.8281535648994613,
            0.9140767824497328,
            5.0625791027984155,
            -0.5625087891998285,
            -0.21094079594993584,
            -0.14062719729995568,
            -0.21094079594993584,
            -0.4218815918998698,
            0.0,
            -0.5625087891998266,
            -0.21094079594993473,
            -0.28125439459991286,
            -1.8281535648994565,
            -0.21094079594993473,
            1.5468991702995492,
            -0.7031359864997837,
            -0.07031359864997622,
            -0.7031359864997837,
            -0.07031359864997622,
            -0.773449585149773,
            2.9557401737800354e-15,
            0.28125439459991247,
            0.3515679932498966,
            2.9557401737800354e-15,
            -1.4062719729995614,
            -0.7734495851497727,
            -0.7734495851497727,
            0.7734495851497629,
            -1.2656447756996079,
            0.7031359864997929,
            -0.5625087891998247,
            -0.4218815918998714,
            -0.7734495851497727
        ]
    ],
    "bias_index": 75,
    "lambda": 0.0001,
    "epochs": 20,
    "eta0": 0.1,
    "goal_column": "230_binaryClass",
    "classes": [
        "809_P",
        "810_N"
    ],
    "num_classes": 2,
    "label_map": {
        "+1": "809_P",
        "-1": "810_N"
    },
    "feature_index": {
        "CAT::201_age::734_6": 0,
        "CAT::201_age::735_5": 1,
        "CAT::201_age::736_4": 2,
        "CAT::201_age::737_7": 3,
        "CAT::201_age::738_2": 4,
        "CAT::201_age::739_3": 5,
        "CAT::201_age::740_8": 6,
        "CAT::201_age::741_1": 7,
        "CAT::201_age::742_0": 8,
        "CAT::202_sex::743_M": 9,
        "CAT::202_sex::744_F": 10,
        "CAT::202_sex::745_?": 11,
        "CAT::203_on_thyroxine::746_f": 12,
        "CAT::203_on_thyroxine::747_t": 13,
        "CAT::204_query_on_thyroxine::748_f": 14,
        "CAT::204_query_on_thyroxine::749_t": 15,
        "CAT::205_on_antithyroid_medication::750_f": 16,
        "CAT::205_on_antithyroid_medication::751_t": 17,
        "CAT::206_sick::752_f": 18,
        "CAT::206_sick::753_t": 19,
        "CAT::207_pregnant::754_f": 20,
        "CAT::207_pregnant::755_t": 21,
        "CAT::208_thyroid_surgery::756_f": 22,
        "CAT::208_thyroid_surgery::757_t": 23,
        "CAT::209_I131_treatment::758_f": 24,
        "CAT::209_I131_treatment::759_t": 25,
        "CAT::210_query_hypothyroid::760_f": 26,
        "CAT::210_query_hypothyroid::761_t": 27,
        "CAT::211_query_hyperthyroid::762_f": 28,
        "CAT::211_query_hyperthyroid::763_t": 29,
        "CAT::212_lithium::764_f": 30,
        "CAT::212_lithium::765_t": 31,
        "CAT::213_goitre::766_f": 32,
        "CAT::213_goitre::767_t": 33,
        "CAT::214_tumor::768_f": 34,
        "CAT::214_tumor::769_t": 35,
        "CAT::215_hypopituitary::770_f": 36,
        "CAT::215_hypopituitary::771_t": 37,
        "CAT::216_psych::772_f": 38,
        "CAT::216_psych::773_t": 39,
        "CAT::217_TSH_measured::774_t": 40,
        "CAT::217_TSH_measured::775_f": 41,
        "CAT::218_TSH::776_2": 42,
        "CAT::218_TSH::777_0": 43,
        "CAT::218_TSH::778_3": 44,
        "CAT::218_TSH::779_4": 45,
        "CAT::219_T3_measured::780_t": 46,
        "CAT::219_T3_measured::781_f": 47,
        "CAT::220_T3::782_1": 48,
        "CAT::220_T3::783_0": 49,
        "CAT::220_T3::784_2": 50,
        "CAT::220_T3::785_3": 51,
        "CAT::221_TT4_measured::786_t": 52,
        "CAT::221_TT4_measured::787_f": 53,
        "CAT::222_TT4::788_2": 54,
        "CAT::222_TT4::789_3": 55,
        "CAT::222_TT4::790_0": 56,
        "CAT::222_TT4::791_1": 57,
        "CAT::223_T4U_measured::792_t": 58,
        "CAT::223_T4U_measured::793_f": 59,
        "CAT::224_T4U::794_2": 60,
        "CAT::224_T4U::795_0": 61,
        "CAT::225_FTI_measured::796_t": 62,
        "CAT::225_FTI_measured::797_f": 63,
        "CAT::226_FTI::798_2": 64,
        "CAT::226_FTI::799_1": 65,
        "CAT::226_FTI::800_0": 66,
        "CAT::226_FTI::801_3": 67,