{
    "type": "svm_sgd",
    "dim": 31,
    "weights": [
        [
            0.25409836065573504,
            0.10655737704917724,
            0.12295081967212913,
            -0.8114754098360423,
            0.21311475409836103,
            -0.6393442622950981,
            0.7295081967213003,
            0.6967213114753612,
            -0.877049180327876,
            0.7131147540983771,
            0.4590163934426257,
            0.48360655737702424,
            -2.1042178515897225e-15,
            0.4262295081967126,
            0.05737704918032708,
            0.08196721311475805,
            0.1967213114753945,
            0.04098360655737827,
            0.09836065573770593,
            1.1275508503886568e-16,
            0.06557377049180266,
            0.27049180327868155,
            0.17213114754097758,
            -0.2377049180327748,
            0.2786885245901568,
            -0.31147540983604793,
            1.6475409836065267,
            -0.8524590163933686,
            0.9918032786885078,
            -0.5081967213114725,
            0.48360655737704666
        ],
        [
            -0.25409836065573504,
            -0.10655737704917724,
            -0.12295081967212913,
            0.8114754098360423,
            -0.21311475409836103,
            0.6393442622950981,
            -0.7295081967213003,
            -0.6967213114753612,
            0.877049180327876,
            -0.7131147540983771,
            -0.4590163934426257,
            -0.48360655737702424,
            2.1042178515897225e-15,
            -0.4262295081967126,
            -0.05737704918032708,
            -0.08196721311475805,
            -0.1967213114753945,
            -0.04098360655737827,
            -0.09836065573770593,
            -1.1275508503886568e-16,
            -0.06557377049180266,
            -0.27049180327868155,
            -0.17213114754097758,
            0.2377049180327748,
            -0.2786885245901568,
            0.31147540983604793,
            -1.6475409836065267,
            0.8524590163933686,
            -0.9918032786885078,
            0.5081967213114725,
            -0.48360655737704666
        ]
    ],
    "bias_index": 30,
    "lambda": 0.0001,
    "epochs": 20,
    "eta0": 0.1,
    "goal_column": "119_diabetes",
    "classes": [
        "329_0",
        "330_1"
    ],
    "num_classes": 2,
    "label_map": {
        "+1": "329_0",
        "-1": "330_1"
    },
    "feature_index": {
        "CAT::111_gender::299_Female": 0,
        "CAT::111_gender::300_Male": 1,
        "CAT::111_gender::301_Other": 2,
        "CAT::112_age::302_6": 3,
        "CAT::112_age::308_4": 4,
        "CAT::112_age::305_5": 5,
        "CAT::112_age::307_2": 6,
        "CAT::112_age::306_1": 7,
        "CAT::112_age::303_7": 8,
        "CAT::112_age::304_3": 9,
        "CAT::112_age::309_0": 10,
        "CAT::113_hypertension::311_0": 11,
        "CAT::113_hypertension::310_1": 12,
        "CAT::114_heart_disease::312_0": 13,
        "CAT::114_heart_disease::313_1": 14,
        "CAT::115_smoking_history::316_never": 15,
        "CAT::115_smoking_history::317_No Info": 16,
        "CAT::115_smoking_history::318_current": 17,
        "CAT::115_smoking_history::314_not current": 18,
        "CAT::115_smoking_history::315_former": 19,
        "CAT::115_smoking_history::319_ever": 20,
        "CAT::116_bmi::321_1": 21,
        "CAT::116_bmi::322_2": 22,
        "CAT::116_bmi::320_3": 23,
        "CAT::116_bmi::323_0": 24,
        "CAT::117_HbA1c_level::324_1": 25,
        "CAT::117_HbA1c_level::326_0": 26,
        "CAT::117_HbA1c_level::325_2": 27,
        "CAT::118_blood_glucose_level::327_0": 28,
        "CAT::118_blood_glucose_level::328_2": 29
    },
    "numeric_minmax": [],
    "kernel": "sgd",
    "kernel_meta": {
        "type": "sgd"
    }
}