{
    "type": "svm_sgd",
    "dim": 129,
    "weights": [
        [
            -0.48788311983344446,
            0.044838898708193686,
            0.5133517697629524,
            -0.16547126423780026,
            -0.1467187138227761,
            0.5255044794204783,
            -0.600286369112501,
            -1.52056510816941,
            0.6688860594354549,
            -0.7163252352710202,
            0.9341057017595799,
            -0.11760343563221194,
            0.7628212152366596,
            0.5779201326460779,
            -0.03318897759752391,
            -0.4296762073717661,
            0.5640283629825744,
            0.5498266717804662,
            0.9746525114817596,
            -0.24509000533008266,
            -0.4650928726247221,
            0.7290368783808013,
            -1.078239179271933,
            1.0331250011666289,
            -0.7893685588576158,
            -0.5315673753205116,
            1.4631055896975147,
            -0.21079575176847795,
            -1.0296261421485458,
            0.21298449364623137,
            0.5153895419510458,
            -0.42773241699976217,
            0.09902907543104314,
            -0.2932270036602378,
            -0.19825015274790941,
            -0.6666761283320104,
            0.0939178029319852,
            -0.0639622636639635,
            -1.6682284189890773,
            0.9378849973490917,
            -0.3613912956028181,
            1.7496987642907817,
            -0.68815168590532,
            -0.3462847883934683,
            0.40986215086297667,
            -0.2104874123794319,
            -1.0022331160367588,
            -0.14765035872551296,
            0.24345645402216165,
            1.4397914860205412,
            0.28000835235243415,
            -0.10630259771994582,
            -0.03286405662992119,
            0.22990856050039613,
            0.738889729838466,
            0.47734283070583816,
            0.15817761757563456,
            -0.40212115002012006,
            0.7576323515842238,
            -1.234196073383642,
            0.13701099119561103,
            0.919473999104733,
            -0.0994849221069336,
            0.8248515642794663,
            -0.7511829904629741,
            0.3449905681835412,
            -0.7229162974895957,
            0.3784023940388042,
            0.45747528310292174,
            -0.24128712647531045,
            0.6090676172648473,
            0.7195556025228573,
            0.10561778788036791,
            0.06960332086588605,
            1.1638113068392488,
            0.9256912912414184,
            0.044340067168190125,
            0.4993426239069681,
            0.9231611212835853,
            -0.6357799330558099,
            -0.4043679677070833,
            0.05120604517731825,
            0.17776952974789692,
            -0.09535884160825958,
            0.4376353674821663,
            -0.2771661801729023,
            0.39725246576921586,
            -0.20537306422912066,
            0.1819891541457827,
            -0.7656683616738634,
            1.168656526011155,
            -0.4440212096850413,
            0.3958428343969209,
            0.7273858620065525,
            0.5668888951051,
            0.10781336026845047,
            0.5947775651012974,
            0.7918418925095043,
            0.40800107872498387,
            1.0507143339729095,
            0.1419175736271632,
            -1.1588742752855374,
            0.020744079594265094,
            0.1590404680327743,
            1.075306244706335,
            -1.222074880999152,
            -0.20210302025986032,
            -0.06804425792444992,
            0.1920179019045414,
            0.5100372348405049,
            0.39689669808945605,
            -0.8345595864397624,
            -0.6645792305775465,
            0.07626109099697272,
            -1.2505999888888581,
            -0.2763515815294632,
            -0.3577999263738075,
            -0.1311735038750727,
            -0.33461467810076595,
            -0.14487154929996363,
            -0.08530693586433978,
            0.2541959413312475,
            -0.23160563638045298,
            0.15452724695914916,
            0.7111083113653764,
            -0.47192262168517335,
            -1.471203588777263,
            -0.5468187859070704,
            0.9387908374014217
        ],
        [
            0.48788311983344446,
            -0.044838898708193686,
            -0.5133517697629524,
            0.16547126423780026,
            0.1467187138227761,
            -0.5255044794204783,
            0.600286369112501,
            1.52056510816941,
            -0.6688860594354549,
            0.7163252352710202,
            -0.9341057017595799,
            0.11760343563221194,
            -0.7628212152366596,
            -0.5779201326460779,
            0.03318897759752391,
            0.4296762073717661,
            -0.5640283629825744,
            -0.5498266717804662,
            -0.9746525114817596,
            0.24509000533008266,
            0.4650928726247221,
            -0.7290368783808013,
            1.078239179271933,
            -1.0331250011666289,
            0.7893685588576158,
            0.5315673753205116,
            -1.4631055896975147,
            0.21079575176847795,
            1.0296261421485458,
            -0.21298449364623137,
            -0.5153895419510458,
            0.42773241699976217,
            -0.09902907543104314,
            0.2932270036602378,
            0.19825015274790941,
            0.6666761283320104,
            -0.0939178029319852,
            0.0639622636639635,
            1.6682284189890773,
            -0.9378849973490917,
            0.3613912956028181,
            -1.7496987642907817,
            0.68815168590532,
            0.3462847883934683,
            -0.40986215086297667,
            0.2104874123794319,
            1.0022331160367588,
            0.14765035872551296,
            -0.24345645402216165,
            -1.4397914860205412,
            -0.28000835235243415,
            0.10630259771994582,
            0.03286405662992119,
            -0.22990856050039613,
            -0.738889729838466,
            -0.47734283070583816,
            -0.15817761757563456,
            0.40212115002012006,
            -0.7576323515842238,
            1.234196073383642,
            -0.13701099119561103,
            -0.919473999104733,
            0.0994849221069336,
            -0.8248515642794663,
            0.7511829904629741,
            -0.3449905681835412,
            0.7229162974895957,
            -0.3784023940388042,
            -0.45747528310292174,
            0.24128712647531045,
            -0.6090676172648473,
            -0.7195556025228573,
            -0.10561778788036791,
            -0.06960332086588605,
            -1.1638113068392488,
            -0.9256912912414184,
            -0.044340067168190125,
            -0.4993426239069681,
            -0.9231611212835853,
            0.6357799330558099,
            0.4043679677070833,
            -0.05120604517731825,
            -0.17776952974789692,
            0.09535884160825958,
            -0.4376353674821663,
            0.2771661801729023,
            -0.39725246576921586,
            0.20537306422912066,
            -0.1819891541457827,
            0.7656683616738634,
            -1.168656526011155,
            0.4440212096850413,
            -0.3958428343969209,
            -0.7273858620065525,
            -0.5668888951051,
            -0.10781336026845047,
            -0.5947775651012974,
            -0.7918418925095043,
            -0.40800107872498387,
            -1.0507143339729095,
            -0.1419175736271632,
            1.1588742752855374,
            -0.020744079594265094,
            -0.1590404680327743,
            -1.075306244706335,
            1.222074880999152,
            0.20210302025986032,
            0.06804425792444992,
            -0.1920179019045414,
            -0.5100372348405049,
            -0.39689669808945605,
            0.8345595864397624,
