{
    "type": "svm_sgd",
    "dim": 11,
    "weights": [
        [
            -0.6987422639249355,
            1.6969454981034138,
            -0.5989219405070869,
            4.15901425231036e-17,
            -1.3866982582729512e-17,
            0.3992812936713916,
            -1.0980235575963253,
            1.4973048512677163,
            0.19964064683569582,
            0.1996406468356958,
            0.39928129367139126
        ],
        [
            0.6987422639249355,
            -1.6969454981034138,
            0.5989219405070869,
            -4.15901425231036e-17,
            1.3866982582729512e-17,
            -0.3992812936713916,
            1.0980235575963253,
            -1.4973048512677163,
            -0.19964064683569582,
            -0.1996406468356958,
            -0.39928129367139126
        ]
    ],
    "bias_index": 10,
    "lambda": 0.0001,
    "epochs": 20,
    "eta0": 0.1,
    "goal_column": "109_play",
    "classes": [
        "298_yes",
        "297_no"
    ],
    "num_classes": 2,
    "label_map": {
        "+1": "298_yes",
        "-1": "297_no"
    },
    "feature_index": {
        "CAT::105_outlook::287_sunny": 0,
        "CAT::105_outlook::288_cloudy": 1,
        "CAT::105_outlook::289_rainy": 2,
        "CAT::106_temperature::290_hot": 3,
        "CAT::106_temperature::291_mild": 4,
        "CAT::106_temperature::292_cool": 5,
        "CAT::107_humidity::293_high": 6,
        "CAT::107_humidity::294_normal": 7,
        "CAT::108_windy::295_FALSE": 8,
        "CAT::108_windy::296_TRUE": 9
    },
    "numeric_minmax": [],
    "kernel": "sgd",
    "kernel_meta": {
        "type": "sgd"
    }
}