{
    "type": "svm_sgd",
    "dim": 129,
    "weights": [
        [
            0.1584788299646929,
            -0.20619044971068654,
            0.38051549622120673,
            -0.05947181299072628,
            -0.035378828702609964,
            -0.03149900068911971,
            -0.16656956472021073,
            0.27981045610988636,
            -0.33102250878008904,
            -0.1614877462983683,
            -0.16023442936903667,
            -0.31141054263676204,
            0.25342562806476415,
            -0.14984611586983787,
            0.03368900571417757,
            0.24970848582096328,
            -0.19571807918488524,
            -0.14437909003178853,
            -0.016596619052728953,
            -0.13386794463005725,
            -0.3143765755722124,
            -0.16715901779262857,
            -0.05725711340079896,
            -0.12793136181233744,
            0.0049256784871311325,
            -0.34104284498519843,
            -0.32748385719998946,
            -0.05691416942516675,
            -0.097039168443932,
            -0.05773513182411884,
            -0.32499261143102054,
            -0.19199176262184217,
            -0.23974751815493467,
            -0.28324635212845595,
            0.21416568380917597,
            -0.0822011982550284,
            -0.1342222475992126,
            -0.19610772053837344,
            -0.07841736929915642,
            -0.290078685192277,
            0.22708441027601453,
            -0.19100587609415165,
            0.2617132900223021,
            0.06632110238342508,
            -0.14600124971401923,
            -0.10021043891651514,
            -0.07185801840532322,
            0.12183840447981818,
            -0.25632221956970563,
            0.13832738967590982,
            -0.09306394667487407,
            0.03020393040435924,
            -0.013602930607538744,
            -0.3390515379388704,
            -0.0695448704740281,
            -0.1686717422220472,
            0.15588707221317133,
            -0.09775978829521591,
            -0.25048303872785027,
            -0.046658214865986404,
            0.19703774473489252,
            0.24593172975091557,
            -0.002777720099081111,
            0.1830532683607923,
            -0.2101763099011135,
            0.03767741490564964,
            0.18622988552866193,
            -0.05132882943435916,
            0.06773627579167149,
            0.028969658771309338,
            0.34254349981183463,
            -0.04676826142474706,
            -0.027521524019988298,
            0.08325566921713377,
            0.26823497033071725,
            0.09329906363464596,
            0.10960644205999893,
            -0.10284431852679866,
            -0.0006238944056568159,
            -0.1344846553254719,
            -0.06945686459598048,
            0.014029257523209132,
            -0.023071605639046498,
            0.03287450237934335,
            0.012666871071362794,
            -0.09399290471079977,
            -0.0585540135562077,
            0.30122056981756856,
            -0.33618057428723813,
            -0.19881348082604358,
            -0.03486546543492458,
            -0.22258275237250574,
            -0.03770187415827053,
            0.42413309272181116,
            -0.19925495968906773,
            0.12250398761699414,
            -0.1044346867802524,
            0.06574722161595012,
            0.17522036740059624,
            -0.11890994434856154,
            -0.1379165443580046,
            -0.1557101362151465,
            0.2561266688568678,
            0.05943479652950361,
            -0.30689664149648455,
            0.25446004856162646,
            0.033463460735998096,
            0.27573896255944425,
            -0.11065714502110115,
            0.1697353273534365,
            -0.0656300578360508,
            -0.217751776463458,
            -0.121231391305993,
            0.10798021624669886,
            0.12822301250872764,
            -0.40335535903507436,
            -0.07614196543465789,
            0.05502512548938214,
            -0.1264487024422772,
            -0.0941049307338822,
            -0.032372299623348984,
            -0.10268486803717376,
            0.06460216995330756,
            -0.19195600087500475,
            0.15653732884469362,
            -0.033657740014698595,
            -0.054598849167378255,
            0.2958555397558864,
            1.1831519167061046
        ],
        [
            -0.1584788299646929,
            0.20619044971068654,
            -0.38051549622120673,
            0.05947181299072628,
            0.035378828702609964,
            0.03149900068911971,
            0.16656956472021073,
            -0.27981045610988636,
            0.33102250878008904,
            0.1614877462983683,
            0.16023442936903667,
            0.31141054263676204,
            -0.25342562806476415,
            0.14984611586983787,
            -0.03368900571417757,
            -0.24970848582096328,
            0.19571807918488524,
            0.14437909003178853,
            0.016596619052728953,
            0.13386794463005725,
            0.3143765755722124,
            0.16715901779262857,
            0.05725711340079896,
            0.12793136181233744,
            -0.0049256784871311325,
            0.34104284498519843,
            0.32748385719998946,
            0.05691416942516675,
            0.097039168443932,
            0.05773513182411884,
            0.32499261143102054,
            0.19199176262184217,
            0.23974751815493467,
            0.28324635212845595,
            -0.21416568380917597,
            0.0822011982550284,
            0.1342222475992126,
            0.19610772053837344,
            0.07841736929915642,
            0.290078685192277,
            -0.22708441027601453,
            0.19100587609415165,
            -0.2617132900223021,
            -0.06632110238342508,
            0.14600124971401923,
            0.10021043891651514,
            0.07185801840532322,
            -0.12183840447981818,
            0.25632221956970563,
            -0.13832738967590982,
            0.09306394667487407,
            -0.03020393040435924,
            0.013602930607538744,
            0.3390515379388704,
            0.0695448704740281,
            0.1686717422220472,
            -0.15588707221317133,
            0.09775978829521591,
            0.25048303872785027,
            0.046658214865986404,
            -0.19703774473489252,
            -0.24593172975091557,
            0.002777720099081111,
            -0.1830532683607923,
            0.2101763099011135,
            -0.03767741490564964,
            -0.18622988552866193,
            0.05132882943435916,
            -0.06773627579167149,
            -0.028969658771309338,
            -0.34254349981183463,
            0.04676826142474706,
            0.027521524019988298,
            -0.08325566921713377,
            -0.26823497033071725,
            -0.09329906363464596,
            -0.10960644205999893,
            0.10284431852679866,
            0.0006238944056568159,
            0.1344846553254719,
            0.06945686459598048,
            -0.014029257523209132,
            0.023071605639046498,
            -0.03287450237934335,
            -0.012666871071362794,
            0.09399290471079977,
            0.0585540135562077,
            -0.30122056981756856,
            0.33618057428723813,
            0.19881348082604358,
            0.03486546543492458,
            0.22258275237250574,
            0.03770187415827053,
            -0.42413309272181116,
            0.19925495968906773,
            -0.12250398761699414,
            0.1044346867802524,
            -0.06574722161595012,
            -0.17522036740059624,
            0.11890994434856154,
            0.1379165443580046,
            0.1557101362151465,
            -0.2561266688568678,
            -0.05943479652950361,
            0.30689664149648455,
            -0.25446004856162646,
            -0.033463460735998096,
