{
    "type": "svm_sgd",
    "dim": 31,
    "weights": [
        [
            0.12295081967212787,
            0.1557377049180367,
            0.13114754098360218,
            -0.8114754098360372,
            0.04098360655738071,
            -0.4426229508196727,
            0.6393442622950632,
            0.6475409836065483,
            -0.8196721311475795,
            0.7377049180327735,
            0.4180327868852249,
            0.401639344262298,
            0.008196721311477324,
            0.42622950819672595,
            -0.016393442622953645,
            0.0409836065573738,
            0.3524590163934576,
            0.008196721311480115,
            0.016393442622951154,
            -0.09016393442623458,
            0.08196721311475441,
            0.3032786885245868,
            0.1393442622950808,
            -0.3360655737705126,
            0.3032786885245912,
            -0.35245901639345956,
            1.6803278688524594,
            -0.9180327868852317,
            1.032786885245945,
            -0.6229508196721222,
            0.4098360655737594
        ],
        [
            -0.12295081967212787,
            -0.1557377049180367,
            -0.13114754098360218,
            0.8114754098360372,
            -0.04098360655738071,
            0.4426229508196727,
            -0.6393442622950632,
            -0.6475409836065483,
            0.8196721311475795,
            -0.7377049180327735,
            -0.4180327868852249,
            -0.401639344262298,
            -0.008196721311477324,
            -0.42622950819672595,
            0.016393442622953645,
            -0.0409836065573738,
            -0.3524590163934576,
            -0.008196721311480115,
            -0.016393442622951154,
            0.09016393442623458,
            -0.08196721311475441,
            -0.3032786885245868,
            -0.1393442622950808,
            0.3360655737705126,
            -0.3032786885245912,
            0.35245901639345956,
            -1.6803278688524594,
            0.9180327868852317,
            -1.032786885245945,
            0.6229508196721222,
            -0.4098360655737594
        ]
    ],
    "bias_index": 30,
    "lambda": 0.0001,
    "epochs": 20,
    "eta0": 0.1,
    "goal_column": "119_diabetes",
    "classes": [
        "329_0",
        "330_1"
    ],
    "num_classes": 2,
    "label_map": {
        "+1": "329_0",
        "-1": "330_1"
    },
    "feature_index": {
        "CAT::111_gender::299_Female": 0,
        "CAT::111_gender::300_Male": 1,
        "CAT::111_gender::301_Other": 2,
        "CAT::112_age::302_6": 3,
        "CAT::112_age::308_4": 4,
        "CAT::112_age::305_5": 5,
        "CAT::112_age::307_2": 6,
        "CAT::112_age::306_1": 7,
        "CAT::112_age::303_7": 8,
        "CAT::112_age::304_3": 9,
        "CAT::112_age::309_0": 10,
        "CAT::113_hypertension::311_0": 11,
        "CAT::113_hypertension::310_1": 12,
        "CAT::114_heart_disease::312_0": 13,
        "CAT::114_heart_disease::313_1": 14,
        "CAT::115_smoking_history::316_never": 15,
        "CAT::115_smoking_history::317_No Info": 16,
        "CAT::115_smoking_history::318_current": 17,
        "CAT::115_smoking_history::314_not current": 18,
        "CAT::115_smoking_history::315_former": 19,
        "CAT::115_smoking_history::319_ever": 20,
        "CAT::116_bmi::321_1": 21,
        "CAT::116_bmi::322_2": 22,
        "CAT::116_bmi::320_3": 23,
        "CAT::116_bmi::323_0": 24,
        "CAT::117_HbA1c_level::324_1": 25,
        "CAT::117_HbA1c_level::326_0": 26,
        "CAT::117_HbA1c_level::325_2": 27,
        "CAT::118_blood_glucose_level::327_0": 28,
        "CAT::118_blood_glucose_level::328_2": 29
    },
    "numeric_minmax": [],
    "kernel": "sgd",
    "kernel_meta": {
        "type": "sgd"
    }
}