{
    "type": "svm_sgd",
    "dim": 31,
    "weights": [
        [
            0.2377049180327907,
            0.0737704918032798,
            0.14754098360655896,
            -0.7295081967213314,
            0.1147540983606579,
            -0.5573770491803229,
            0.6803278688524407,
            0.7131147540983384,
            -0.836065573770521,
            0.68032786885245,
            0.393442622950838,
            0.4180327868852197,
            0.04098360655737707,
            0.48360655737705954,
            -0.02459016393442814,
            0.07377049180327751,
            0.2622950819672146,
            -0.008196721311472508,
            0.00819672131147737,
            0.05737704918032596,
            0.06557377049180647,
            0.22131147540984056,
            0.1557377049180293,
            -0.24590163934425566,
            0.32786885245901076,
            -0.3360655737704869,
            1.672131147541008,
            -0.8770491803278873,
            1.032786885245897,
            -0.573770491803288,
            0.4590163934425995
        ],
        [
            -0.2377049180327907,
            -0.0737704918032798,
            -0.14754098360655896,
            0.7295081967213314,
            -0.1147540983606579,
            0.5573770491803229,
            -0.6803278688524407,
            -0.7131147540983384,
            0.836065573770521,
            -0.68032786885245,
            -0.393442622950838,
            -0.4180327868852197,
            -0.04098360655737707,
            -0.48360655737705954,
            0.02459016393442814,
            -0.07377049180327751,
            -0.2622950819672146,
            0.008196721311472508,
            -0.00819672131147737,
            -0.05737704918032596,
            -0.06557377049180647,
            -0.22131147540984056,
            -0.1557377049180293,
            0.24590163934425566,
            -0.32786885245901076,
            0.3360655737704869,
            -1.672131147541008,
            0.8770491803278873,
            -1.032786885245897,
            0.573770491803288,
            -0.4590163934425995
        ]
    ],
    "bias_index": 30,
    "lambda": 0.0001,
    "epochs": 20,
    "eta0": 0.1,
    "goal_column": "119_diabetes",
    "classes": [
        "329_0",
        "330_1"
    ],
    "num_classes": 2,
    "label_map": {
        "+1": "329_0",
        "-1": "330_1"
    },
    "feature_index": {
        "CAT::111_gender::299_Female": 0,
        "CAT::111_gender::300_Male": 1,
        "CAT::111_gender::301_Other": 2,
        "CAT::112_age::302_6": 3,
        "CAT::112_age::308_4": 4,
        "CAT::112_age::305_5": 5,
        "CAT::112_age::307_2": 6,
        "CAT::112_age::306_1": 7,
        "CAT::112_age::303_7": 8,
        "CAT::112_age::304_3": 9,
        "CAT::112_age::309_0": 10,
        "CAT::113_hypertension::311_0": 11,
        "CAT::113_hypertension::310_1": 12,
        "CAT::114_heart_disease::312_0": 13,
        "CAT::114_heart_disease::313_1": 14,
        "CAT::115_smoking_history::316_never": 15,
        "CAT::115_smoking_history::317_No Info": 16,
        "CAT::115_smoking_history::318_current": 17,
        "CAT::115_smoking_history::314_not current": 18,
        "CAT::115_smoking_history::315_former": 19,
        "CAT::115_smoking_history::319_ever": 20,
        "CAT::116_bmi::321_1": 21,
        "CAT::116_bmi::322_2": 22,
        "CAT::116_bmi::320_3": 23,
        "CAT::116_bmi::323_0": 24,
        "CAT::117_HbA1c_level::324_1": 25,
        "CAT::117_HbA1c_level::326_0": 26,
        "CAT::117_HbA1c_level::325_2": 27,
        "CAT::118_blood_glucose_level::327_0": 28,
        "CAT::118_blood_glucose_level::328_2": 29
    },
    "numeric_minmax": [],
    "kernel": "sgd",
    "kernel_meta": {
        "type": "sgd"
    }
}