{
    "type": "svm_sgd",
    "dim": 31,
    "weights": [
        [
            0.18032786885246035,
            0.05737704918032801,
            0.25409836065573504,
            -0.8278688524590556,
            0.12295081967213256,
            -0.5163934426229879,
            0.7131147540983311,
            0.5983606557376835,
            -0.819672131147559,
            0.7131147540983718,
            0.5081967213114758,
            0.4016393442622961,
            0.09016393442623014,
            0.4262295081967267,
            0.0655737704918035,
            0.07377049180328037,
            0.27868852459016746,
            -0.08196721311475205,
            0.09016393442622703,
            0.05737704918032902,
            0.07377049180327726,
            0.3278688524590068,
            0.12295081967212573,
            -0.30327868852458,
            0.3442622950819757,
            -0.3032786885245739,
            1.7213114754097825,
            -0.9262295081967408,
            1.0000000000000382,
            -0.5081967213114539,
            0.4918032786885243
        ],
        [
            -0.18032786885246035,
            -0.05737704918032801,
            -0.25409836065573504,
            0.8278688524590556,
            -0.12295081967213256,
            0.5163934426229879,
            -0.7131147540983311,
            -0.5983606557376835,
            0.819672131147559,
            -0.7131147540983718,
            -0.5081967213114758,
            -0.4016393442622961,
            -0.09016393442623014,
            -0.4262295081967267,
            -0.0655737704918035,
            -0.07377049180328037,
            -0.27868852459016746,
            0.08196721311475205,
            -0.09016393442622703,
            -0.05737704918032902,
            -0.07377049180327726,
            -0.3278688524590068,
            -0.12295081967212573,
            0.30327868852458,
            -0.3442622950819757,
            0.3032786885245739,
            -1.7213114754097825,
            0.9262295081967408,
            -1.0000000000000382,
            0.5081967213114539,
            -0.4918032786885243
        ]
    ],
    "bias_index": 30,
    "lambda": 0.0001,
    "epochs": 20,
    "eta0": 0.1,
    "goal_column": "119_diabetes",
    "classes": [
        "329_0",
        "330_1"
    ],
    "num_classes": 2,
    "label_map": {
        "+1": "329_0",
        "-1": "330_1"
    },
    "feature_index": {
        "CAT::111_gender::299_Female": 0,
        "CAT::111_gender::300_Male": 1,
        "CAT::111_gender::301_Other": 2,
        "CAT::112_age::302_6": 3,
        "CAT::112_age::308_4": 4,
        "CAT::112_age::305_5": 5,
        "CAT::112_age::307_2": 6,
        "CAT::112_age::306_1": 7,
        "CAT::112_age::303_7": 8,
        "CAT::112_age::304_3": 9,
        "CAT::112_age::309_0": 10,
        "CAT::113_hypertension::311_0": 11,
        "CAT::113_hypertension::310_1": 12,
        "CAT::114_heart_disease::312_0": 13,
        "CAT::114_heart_disease::313_1": 14,
        "CAT::115_smoking_history::316_never": 15,
        "CAT::115_smoking_history::317_No Info": 16,
        "CAT::115_smoking_history::318_current": 17,
        "CAT::115_smoking_history::314_not current": 18,
        "CAT::115_smoking_history::315_former": 19,
        "CAT::115_smoking_history::319_ever": 20,
        "CAT::116_bmi::321_1": 21,
        "CAT::116_bmi::322_2": 22,
        "CAT::116_bmi::320_3": 23,
        "CAT::116_bmi::323_0": 24,
        "CAT::117_HbA1c_level::324_1": 25,
        "CAT::117_HbA1c_level::326_0": 26,
        "CAT::117_HbA1c_level::325_2": 27,
        "CAT::118_blood_glucose_level::327_0": 28,
        "CAT::118_blood_glucose_level::328_2": 29
    },
    "numeric_minmax": [],
    "kernel": "sgd",
    "kernel_meta": {
        "type": "sgd"
    }
}