{
    "type": "svm_sgd",
    "dim": 31,
    "weights": [
        [
            0.21311475409836336,
            -0.04098360655737633,
            0.24590163934426418,
            -0.7622950819672071,
            0.14754098360655865,
            -0.5983606557377167,
            0.6393442622950948,
            0.6393442622950722,
            -0.8032786885246028,
            0.7459016393442943,
            0.40983606557377245,
            0.32786885245901126,
            0.09016393442622797,
            0.4344262295081835,
            -0.01639344262295222,
            -0.03278688524590002,
            0.393442622950815,
            -0.08196721311475526,
            0.10655737704917506,
            0.024590163934428002,
            0.008196721311474838,
            0.2868852459016543,
            0.11475409836066083,
            -0.3934426229508243,
            0.4098360655737798,
            -0.3032786885245816,
            1.6557377049180462,
            -0.9344262295081458,
            1.024590163934426,
            -0.6065573770491611,
            0.41803278688523166
        ],
        [
            -0.21311475409836336,
            0.04098360655737633,
            -0.24590163934426418,
            0.7622950819672071,
            -0.14754098360655865,
            0.5983606557377167,
            -0.6393442622950948,
            -0.6393442622950722,
            0.8032786885246028,
            -0.7459016393442943,
            -0.40983606557377245,
            -0.32786885245901126,
            -0.09016393442622797,
            -0.4344262295081835,
            0.01639344262295222,
            0.03278688524590002,
            -0.393442622950815,
            0.08196721311475526,
            -0.10655737704917506,
            -0.024590163934428002,
            -0.008196721311474838,
            -0.2868852459016543,
            -0.11475409836066083,
            0.3934426229508243,
            -0.4098360655737798,
            0.3032786885245816,
            -1.6557377049180462,
            0.9344262295081458,
            -1.024590163934426,
            0.6065573770491611,
            -0.41803278688523166
        ]
    ],
    "bias_index": 30,
    "lambda": 0.0001,
    "epochs": 20,
    "eta0": 0.1,
    "goal_column": "119_diabetes",
    "classes": [
        "329_0",
        "330_1"
    ],
    "num_classes": 2,
    "label_map": {
        "+1": "329_0",
        "-1": "330_1"
    },
    "feature_index": {
        "CAT::111_gender::299_Female": 0,
        "CAT::111_gender::300_Male": 1,
        "CAT::111_gender::301_Other": 2,
        "CAT::112_age::302_6": 3,
        "CAT::112_age::308_4": 4,
        "CAT::112_age::305_5": 5,
        "CAT::112_age::307_2": 6,
        "CAT::112_age::306_1": 7,
        "CAT::112_age::303_7": 8,
        "CAT::112_age::304_3": 9,
        "CAT::112_age::309_0": 10,
        "CAT::113_hypertension::311_0": 11,
        "CAT::113_hypertension::310_1": 12,
        "CAT::114_heart_disease::312_0": 13,
        "CAT::114_heart_disease::313_1": 14,
        "CAT::115_smoking_history::316_never": 15,
        "CAT::115_smoking_history::317_No Info": 16,
        "CAT::115_smoking_history::318_current": 17,
        "CAT::115_smoking_history::314_not current": 18,
        "CAT::115_smoking_history::315_former": 19,
        "CAT::115_smoking_history::319_ever": 20,
        "CAT::116_bmi::321_1": 21,
        "CAT::116_bmi::322_2": 22,
        "CAT::116_bmi::320_3": 23,
        "CAT::116_bmi::323_0": 24,
        "CAT::117_HbA1c_level::324_1": 25,
        "CAT::117_HbA1c_level::326_0": 26,
        "CAT::117_HbA1c_level::325_2": 27,
        "CAT::118_blood_glucose_level::327_0": 28,
        "CAT::118_blood_glucose_level::328_2": 29
    },
    "numeric_minmax": [],
    "kernel": "sgd",
    "kernel_meta": {
        "type": "sgd"
    }
}