{
    "type": "svm_sgd",
    "dim": 135,
    "weights": [
        [
            -5.273474350697255e-16,
            -0.40303079155247373,
            0.40303079155247273,
            0.24181847493148462,
            -0.24181847493148262,
            -0.80606158310495,
            0.3224246332419772,
            0.16121231662099011,
            0.3224246332419821,
            -0.48363694986297173,
            -0.16121231662098676,
            -3.33061537938774e-16,
            0.6448492664839596,
            0.40303079155247556,
            0.32242463324197945,
            -0.08060615831049656,
            -0.6448492664839546,
            -0.08060615831049411,
            0.08060615831049561,
            -0.08060615831049348,
            0.8060615831049459,
            -0.24181847493148578,
            -0.6448492664839589,
            1.2051486145744266e-15,
            0.2418184749314848,
            0.4836369498629723,
            -0.4030307915524773,
            -0.40303079155247395,
            -3.191556723884174e-16,
            0.08060615831049753,
            -1.1284862163469287,
            0.08060615831049892,
            0.48363694986297073,
            -0.241818474931485,
            -1.0478800580364354,
            -0.4836369498629702,
            0.2418184749314847,
            6.360369357674153e-16,
            -0.08060615831049492,
            2.3375785910043603,
            0.08060615831049328,
            0.24181847493148612,
            -0.24181847493148578,
            2.4143847220272794e-15,
            0.08060615831049103,
            -0.1612123166209894,
            -0.7254554247944565,
            0.4030307915524764,
            -0.24181847493148492,
            0.4030307915524755,
            0.16121231662099036,
            -0.5642431081734648,
            -0.16121231662098967,
            -0.24181847493148578,
            0.08060615831049517,
            0.40303079155247507,
            0.24181847493148295,
            0.24181847493148723,
            -0.32242463324197695,
            0.16121231662099,
            0.40303079155247473,
            -0.24181847493148392,
            0.6448492664839615,
            -0.24181847493148514,
            -0.24181847493148578,
            -0.4836369498629704,
            0.08060615831049367,
            0.24181847493148478,
            4.3014900220026247e-16,
            0.16121231662099142,
            -0.16121231662098834,
            -0.08060615831049588,
            0.08060615831049446,
            -0.08060615831049388,
            0.08060615831049506,
            -0.1612123166209903,
            0.1612123166209896,
            -0.5642431081734635,
            0.5642431081734625,
            -0.08060615831049436,
            0.08060615831049177,
            -0.16121231662099011,
            0.161212316620986,
            0.48363694986297157,
            -0.4836369498629697,
            0.16121231662099175,
            -0.08060615831049715,
            -0.08060615831049392,
            -0.40303079155247884,
            0.24181847493148773,
            0.16121231662099064,
            1.11020512646258e-16,
            -0.32242463324197995,
            0.32242463324197923,
            -2.3375785910043216,
            -2.4987909076253523,
            -0.4030307915524764,
            5.239400290182146,
            -2.9824278574883167,
            -2.9824278574882954,
            -0.24181847493148578,
            3.143640174109301,
            -2.4181847493148596,
            2.5793970659358187,
            3.304852490730309,
            2.8212155408673376,
            -3.3048524907303,
            -2.4181847493148383,
            2.4987909076253683,
            2.7406093825568236,
            -2.7406093825568236,
            2.66000322424633,
            -2.6600032242463416,
            3.3048524907302963,
            -2.5793970659358423,
            -0.24181847493148578,
            -3.7884894405932377,
            2.3375785910043163,
            -3.304852490730323,
            -2.176366274383397,
            -2.4987909076253505,
            3.0630340157988214,
            3.2242463324197943,
            2.660003224246339,
            0.16121231662099023,
            -0.16121231662098953,
            -0.16121231662099156,
            0.1612123166209891,
            -0.16121231662099014,
            0.16121231662099136,
            -0.403030791552475,
            0.40303079155247423,
            1.998369227632644e-15,
            9.01852615908631e-16,
            1.11020512646258e-16
        ],
        [
            5.273474350697255e-16,
            0.40303079155247373,
            -0.40303079155247273,
            -0.24181847493148462,
            0.24181847493148262,
            0.80606158310495,
            -0.3224246332419772,
            -0.16121231662099011,
            -0.3224246332419821,
            0.48363694986297173,
            0.16121231662098676,
            3.33061537938774e-16,
            -0.6448492664839596,
            -0.40303079155247556,
            -0.32242463324197945,
            0.08060615831049656,
            0.6448492664839546,
            0.08060615831049411,
            -0.08060615831049561,
            0.08060615831049348,
            -0.8060615831049459,
            0.24181847493148578,
            0.6448492664839589,
            -1.2051486145744266e-15,
            -0.2418184749314848,
            -0.4836369498629723,
            0.4030307915524773,
            0.40303079155247395,
            3.191556723884174e-16,
            -0.08060615831049753,
            1.1284862163469287,
            -0.08060615831049892,
            -0.48363694986297073,
            0.241818474931485,
            1.0478800580364354,
            0.4836369498629702,
            -0.2418184749314847,
            -6.360369357674153e-16,
            0.08060615831049492,
            -2.3375785910043603,
            -0.08060615831049328,
            -0.24181847493148612,
            0.24181847493148578,
            -2.4143847220272794e-15,
            -0.08060615831049103,
            0.1612123166209894,
            0.7254554247944565,
            -0.4030307915524764,
            0.24181847493148492,
            -0.4030307915524755,
            -0.16121231662099036,
            0.5642431081734648,
            0.16121231662098967,
            0.24181847493148578,
            -0.08060615831049517,
            -0.40303079155247507,
            -0.24181847493148295,
            -0.24181847493148723,
            0.32242463324197695,
            -0.16121231662099,
            -0.40303079155247473,
            0.24181847493148392,
            -0.6448492664839615,
            0.24181847493148514,
            0.24181847493148578,
            0.4836369498629704,
            -0.08060615831049367,
            -0.24181847493148478,
            -4.3014900220026247e-16,
            -0.16121231662099142,
            0.16121231662098834,
            0.08060615831049588,
            -0.08060615831049446,
            0.08060615831049388,
            -0.08060615831049506,
            0.1612123166209903,
            -0.1612123166209896,
            0.5642431081734635,
            -0.5642431081734625,
            0.08060615831049436,
            -0.08060615831049177,
            0.16121231662099011,
            -0.161212316620986,
            -0.48363694986297157,
            0.4836369498629697,
            -0.16121231662099175,
            0.08060615831049715,
            0.08060615831049392,
            0.40303079155247884,
            -0.24181847493148773,
            -0.16121231662099064,
            -1.11020512646258e-16,
            0.32242463324197995,
            -0.32242463324197923,
            2.3375785910043216,
            2.4987909076253523,
            0.4030307915524764,
            -5.239400290182146,
            2.9824278574883167,
            2.9824278574882954,
            0.24181847493148578,
            -3.143640174109301,
            2.4181847493148596,
