{
    "type": "svm_sgd",
    "dim": 112,
    "weights": [
        [
            -0.07887679444707363,
            -0.15775358889414587,
            0.15775358889414431,
            -0.31550717778829557,
            0.15775358889414906,
            0.15775358889414792,
            0.3155071777882972,
            -0.07887679444707524,
            0.31550717778829585,
            0.15775358889414712,
            -0.07887679444707309,
            0.15775358889414554,
            -3.050030824386887e-16,
            -0.1577535888941479,
            0.15775358889414423,
            6.100061648773774e-16,
            0.2366303833412149,
            0.3943839722353659,
            -0.07887679444707624,
            -0.23663038334121927,
            0.15775358889414826,
            -2.2203935067503308e-16,
            0.23663038334122147,
            -0.31550717778829346,
            -0.1577535888941488,
            0.23663038334122266,
            0.0788767944470705,
            0.0788767944470744,
            0.6310143555765905,
            -0.0788767944470723,
            -0.15775358889414848,
            0.15775358889414712,
            -0.23663038334122244,
            -0.07887679444707364,
            0.07887679444707256,
            -0.07887679444707445,
            0.5521375611295137,
            1.0104734966067519e-15,
            0.23663038334121955,
            0.07887679444707556,
            -0.07887679444707205,
            -0.1577535888941475,
            -0.31550717778829185,
            -0.23663038334122183,
            -2.7447676565732875e-15,
            -0.07887679444707321,
            0.3943839722353667,
            0.07887679444707424,
            0.0788767944470735,
            0.47326076668244355,
            0.23663038334122674,
            0.07887679444707274,
            4.4407870135006616e-16,
            -0.5521375611295147,
            0.23663038334121608,
            -0.2366303833412189,
            0.15775358889414953,
            1.5786111703732647e-15,
            -0.1577535888941458,
            0.3943839722353669,
            -0.15775358889414764,
            -0.23663038334122066,
            -1.3850312458865404e-16,
            -0.1577535888941452,
            0.3943839722353661,
            0.47326076668244244,
            -0.2366303833412206,
            -0.3155071777882981,
            0.07887679444707407,
            0.5521375611295181,
            0.07887679444707428,
            0.236630383341221,
            -0.15775358889414787,
            0.4732607666824432,
            -0.23663038334122072,
            -0.15775358889414678,
            9.690697876936476e-17,
            -0.2366303833412189,
            -0.3155071777882953,
            -1.1657065910439237e-15,
            0.2366303833412206,
            0.3943839722353683,
            -0.15775358889414584,
            0.15775358889414795,
            0.07887679444707027,
            0.0788767944470727,
            0.15775358889414837,
            0.15775358889414817,
            0.0788767944470769,
            0.15775358889414853,
            0.07887679444707373,
            -1.6636531769383026e-16,
            0.1577535888941466,
            0.07887679444707614,
            0.3943839722353699,
            0.15775358889414628,
            -0.15775358889414762,
            0.07887679444707497,
            -0.23663038334122122,
            0.07887679444707728,
            0.15775358889414967,
            -1.9289668589893497e-15,
            0.23663038334121939,
            0.07887679444707467,
            0.15775358889414356,
            0.23663038334122288,
            -9.020348621173219e-16,
            0.15775358889414665,
            0.07887679444707418,
            -0.15775358889414967,
            0.39438397223536537,
            0.2366303833412189
        ],
        [
            0.07887679444707363,
            0.15775358889414587,
            -0.15775358889414431,
            0.31550717778829557,
            -0.15775358889414906,
            -0.15775358889414792,
            -0.3155071777882972,
            0.07887679444707524,
            -0.31550717778829585,
            -0.15775358889414712,
            0.07887679444707309,
            -0.15775358889414554,
            3.050030824386887e-16,
            0.1577535888941479,
            -0.15775358889414423,
            -6.100061648773774e-16,
            -0.2366303833412149,
            -0.3943839722353659,
            0.07887679444707624,
            0.23663038334121927,
            -0.15775358889414826,
            2.2203935067503308e-16,
            -0.23663038334122147,
            0.31550717778829346,
            0.1577535888941488,
            -0.23663038334122266,
            -0.0788767944470705,
            -0.0788767944470744,
            -0.6310143555765905,
            0.0788767944470723,
            0.15775358889414848,
            -0.15775358889414712,
            0.23663038334122244,
            0.07887679444707364,
            -0.07887679444707256,
            0.07887679444707445,
            -0.5521375611295137,
            -1.0104734966067519e-15,
            -0.23663038334121955,
            -0.07887679444707556,
            0.07887679444707205,
            0.1577535888941475,
            0.31550717778829185,
            0.23663038334122183,
            2.7447676565732875e-15,
            0.07887679444707321,
            -0.3943839722353667,
            -0.07887679444707424,
            -0.0788767944470735,
            -0.47326076668244355,
            -0.23663038334122674,
            -0.07887679444707274,
            -4.4407870135006616e-16,
            0.5521375611295147,
            -0.23663038334121608,
            0.2366303833412189,
            -0.15775358889414953,
            -1.5786111703732647e-15,
            0.1577535888941458,
            -0.3943839722353669,
            0.15775358889414764,
            0.23663038334122066,
            1.3850312458865404e-16,
            0.1577535888941452,
            -0.3943839722353661,
            -0.47326076668244244,
            0.2366303833412206,
            0.3155071777882981,
            -0.07887679444707407,
            -0.5521375611295181,
            -0.07887679444707428,
            -0.236630383341221,
            0.15775358889414787,
            -0.4732607666824432,
            0.23663038334122072,
            0.15775358889414678,
            -9.690697876936476e-17,
            0.2366303833412189,
            0.3155071777882953,
            1.1657065910439237e-15,
            -0.2366303833412206,
            -0.3943839722353683,
            0.15775358889414584,
            -0.15775358889414795,
            -0.07887679444707027,
            -0.0788767944470727,
            -0.15775358889414837,
            -0.15775358889414817,
            -0.0788767944470769,
            -0.15775358889414853,
            -0.07887679444707373,
            1.6636531769383026e-16,
            -0.1577535888941466,
            -0.07887679444707614,
            -0.3943839722353699,
            -0.15775358889414628,
            0.15775358889414762,
            -0.07887679444707497,
            0.23663038334122122,
            -0.07887679444707728,
            -0.15775358889414967,
            1.9289668589893497e-15,
            -0.23663038334121939,
            -0.07887679444707467,
            -0.15775358889414356,
            -0.23663038334122288,
            9.020348621173219e-16,
            -0.15775358889414665,
            -0.07887679444707418,
            0.15775358889414967,
            -0.39438397223536537,
            -0.2366303833412189
        ]
    ],
    "bias_index": 111,
    "lambda": 0.0001,
    "epochs": 20,
    "eta0": 0.1,
    "goal_column": "173_Diagnosis",
    "classes": [
        "551_0",
        "552_1"
    ],
    "num_classes": 2,
    "label_map": {
        "+1": "551_0",
        "-1": "552_1"
    },
    "feature_index": {
        "CAT::147_Age::440_6": 0,
        "CAT::147_Age::441_4": 1,
        "CAT::147_Age::442_5": 2,