{
    "type": "svm_sgd",
    "dim": 31,
    "weights": [
        [
            0.20491803278687645,
            0.24590163934425904,
            0.0,
            -0.8442622950819705,
            0.032786885245900003,
            -0.3934426229508401,
            0.7049180327868471,
            0.6475409836065198,
            -0.8770491803278591,
            0.7704918032787134,
            0.40983606557375646,
            0.4754098360655925,
            -0.02459016393442156,
            0.5245901639344278,
            -0.07377049180327953,
            0.008196721311469356,
            0.3852459016393445,
            -0.024590163934425716,
            0.0983606557377075,
            -0.024590163934422517,
            0.00819672131147363,
            0.3360655737704983,
            0.0901639344262334,
            -0.303278688524578,
            0.32786885245899966,
            -0.2704918032786918,
            1.6803278688524415,
            -0.9590163934426533,
            0.9836065573770876,
            -0.5327868852458914,
            0.4508196721311404
        ],
        [
            -0.20491803278687645,
            -0.24590163934425904,
            0.0,
            0.8442622950819705,
            -0.032786885245900003,
            0.3934426229508401,
            -0.7049180327868471,
            -0.6475409836065198,
            0.8770491803278591,
            -0.7704918032787134,
            -0.40983606557375646,
            -0.4754098360655925,
            0.02459016393442156,
            -0.5245901639344278,
            0.07377049180327953,
            -0.008196721311469356,
            -0.3852459016393445,
            0.024590163934425716,
            -0.0983606557377075,
            0.024590163934422517,
            -0.00819672131147363,
            -0.3360655737704983,
            -0.0901639344262334,
            0.303278688524578,
            -0.32786885245899966,
            0.2704918032786918,
            -1.6803278688524415,
            0.9590163934426533,
            -0.9836065573770876,
            0.5327868852458914,
            -0.4508196721311404
        ]
    ],
    "bias_index": 30,
    "lambda": 0.0001,
    "epochs": 20,
    "eta0": 0.1,
    "goal_column": "119_diabetes",
    "classes": [
        "329_0",
        "330_1"
    ],
    "num_classes": 2,
    "label_map": {
        "+1": "329_0",
        "-1": "330_1"
    },
    "feature_index": {
        "CAT::111_gender::299_Female": 0,
        "CAT::111_gender::300_Male": 1,
        "CAT::111_gender::301_Other": 2,
        "CAT::112_age::302_6": 3,
        "CAT::112_age::308_4": 4,
        "CAT::112_age::305_5": 5,
        "CAT::112_age::307_2": 6,
        "CAT::112_age::306_1": 7,
        "CAT::112_age::303_7": 8,
        "CAT::112_age::304_3": 9,
        "CAT::112_age::309_0": 10,
        "CAT::113_hypertension::311_0": 11,
        "CAT::113_hypertension::310_1": 12,
        "CAT::114_heart_disease::312_0": 13,
        "CAT::114_heart_disease::313_1": 14,
        "CAT::115_smoking_history::316_never": 15,
        "CAT::115_smoking_history::317_No Info": 16,
        "CAT::115_smoking_history::318_current": 17,
        "CAT::115_smoking_history::314_not current": 18,
        "CAT::115_smoking_history::315_former": 19,
        "CAT::115_smoking_history::319_ever": 20,
        "CAT::116_bmi::321_1": 21,
        "CAT::116_bmi::322_2": 22,
        "CAT::116_bmi::320_3": 23,
        "CAT::116_bmi::323_0": 24,
        "CAT::117_HbA1c_level::324_1": 25,
        "CAT::117_HbA1c_level::326_0": 26,
        "CAT::117_HbA1c_level::325_2": 27,
        "CAT::118_blood_glucose_level::327_0": 28,
        "CAT::118_blood_glucose_level::328_2": 29
    },
    "numeric_minmax": [],
    "kernel": "sgd",
    "kernel_meta": {
        "type": "sgd"
    }
}