{
    "type": "svm_sgd",
    "dim": 129,
    "weights": [
        [
            -3.174693425994949,
            1.4485340288796953,
            4.437293988187736,
            -1.9134553071936347,
            0.5211035968083672,
            -0.7891261080878125,
            -0.7513460841781152,
            -2.2856063938914892,
            1.2699571419523834,
            0.49421761188051266,
            -1.400197895566878,
            -1.4355734813923562,
            1.0781399371024365,
            -0.8035605538075584,
            1.1070631881872355,
            0.02930580404581737,
            3.282864141734789,
            0.6090269395647411,
            3.386278625976096,
            0.7415002465904125,
            0.6506254178897679,
            0.5810357745764468,
            0.6293017103703811,
            0.44191526153870764,
            0.7122767699065904,
            -1.5049252575951693,
            0.769074129558418,
            -1.0315216780235354,
            -1.2972862487347887,
            0.07066118446070098,
            0.3132515664965979,
            1.0690599058387265,
            -1.5053490280099722,
            0.9903754798760207,
            1.4789146700362237,
            1.6850248742499319,
            0.7780483864286196,
            -1.8806728334441103,
            -1.6411198689260296,
            0.12982795537317943,
            -1.3145251427926308,
            -0.4536804322168509,
            0.2608027838919991,
            0.4479824390136345,
            -2.388058934025295,
            1.1098509975435944,
            -4.026548790495835,
            0.30843161103450034,
            -2.1838142599136487,
            1.136322543339359,
            2.721671216360847,
            2.2669573174118525,
            0.27183287578720283,
            2.599292873682059,
            -1.8460554111505485,
            -0.6143427266770978,
            -1.3022839051166284,
            1.1739344484708423,
            0.3843196801220409,
            -2.9023491708655427,
            -0.37629148968506815,
            -0.8627382523379254,
            0.3783531409306365,
            0.8891544047450398,
            -1.085967258827975,
            0.7682457690148231,
            4.037167483111879,
            -1.0884969482481708,
            -0.3268717345570433,
            -1.0768993433076564,
            2.259885703093526,
            -0.9006295756746326,
            -1.788003611877198,
            1.3414998276701153,
            -3.9119936468616943,
            -1.0492137724688249,
            0.3527876505872885,
            -3.6148621025476486,
            -1.2922857516083728,
            0.6700769918024249,
            -0.6645406747898014,
            2.3256365749305647,
            2.1475674155003692,
            -0.4463137417278897,
            0.22670118299536116,
            0.768666505117992,
            -0.5190657621045092,
            -0.7122999077009395,
            1.235626591096818,
            0.6045548840589108,
            -0.9416810259536015,
            -0.8619269009350334,
            -0.9562701774933564,
            2.768952250624004,
            -0.2770707890168052,
            -0.25277125254218163,
            -2.5496757504141825,
            -1.1414046302691232,
            0.6821714490747394,
            -0.6013449685096741,
            0.8435996263486762,
            1.7273091445791575,
            -0.9472267086578506,
            -1.6253027463007468,
            2.2434686572354345,
            -0.8349686557687497,
            -3.327305809791067,
            -0.8281274694911877,
            3.7504881240557735,
            -0.84299702743951,
            -0.9284669507456796,
            0.9436734702347063,
            0.6319872312712846,
            -0.4533285083123974,
            -1.5157625126597958,
            -0.4359465002254459,
            -1.0732981141863995,
            -0.4466899039201491,
            -0.788701039684044,
            -0.7333467463613482,
            1.3410764362892433,
            3.3945937803434423,
            -0.535963478385798,
            -0.9546237823251256,
            0.8245548494323726,
            1.1908752970140917,
            -0.633718512760606,
            -0.9188400008383579,
            0.40303079155246996
        ],
        [
            3.174693425994949,
            -1.4485340288796953,
            -4.437293988187736,
            1.9134553071936347,
            -0.5211035968083672,
            0.7891261080878125,
            0.7513460841781152,
            2.2856063938914892,
            -1.2699571419523834,
            -0.49421761188051266,
            1.400197895566878,
            1.4355734813923562,
            -1.0781399371024365,
            0.8035605538075584,
            -1.1070631881872355,
            -0.02930580404581737,
            -3.282864141734789,
            -0.6090269395647411,
            -3.386278625976096,
            -0.7415002465904125,
            -0.6506254178897679,
            -0.5810357745764468,
            -0.6293017103703811,
            -0.44191526153870764,
            -0.7122767699065904,
            1.5049252575951693,
            -0.769074129558418,
            1.0315216780235354,
            1.2972862487347887,
            -0.07066118446070098,
            -0.3132515664965979,
            -1.0690599058387265,
            1.5053490280099722,
            -0.9903754798760207,
            -1.4789146700362237,
            -1.6850248742499319,
            -0.7780483864286196,
            1.8806728334441103,
            1.6411198689260296,
            -0.12982795537317943,
            1.3145251427926308,
            0.4536804322168509,
            -0.2608027838919991,
            -0.4479824390136345,
            2.388058934025295,
            -1.1098509975435944,
            4.026548790495835,
            -0.30843161103450034,
            2.1838142599136487,
            -1.136322543339359,
            -2.721671216360847,
            -2.2669573174118525,
            -0.27183287578720283,
            -2.599292873682059,
            1.8460554111505485,
            0.6143427266770978,
            1.3022839051166284,
            -1.1739344484708423,
            -0.3843196801220409,
            2.9023491708655427,
            0.37629148968506815,
            0.8627382523379254,
            -0.3783531409306365,
            -0.8891544047450398,
            1.085967258827975,
            -0.7682457690148231,
            -4.037167483111879,
            1.0884969482481708,
            0.3268717345570433,
            1.0768993433076564,
            -2.259885703093526,
            0.9006295756746326,
            1.788003611877198,
            -1.3414998276701153,
            3.9119936468616943,
            1.0492137724688249,
            -0.3527876505872885,
            3.6148621025476486,
            1.2922857516083728,
            -0.6700769918024249,
            0.6645406747898014,
            -2.3256365749305647,
            -2.1475674155003692,
            0.4463137417278897,
            -0.22670118299536116,
            -0.768666505117992,
            0.5190657621045092,
            0.7122999077009395,
            -1.235626591096818,
            -0.6045548840589108,
            0.9416810259536015,
            0.8619269009350334,
            0.9562701774933564,
            -2.768952250624004,
            0.2770707890168052,
            0.25277125254218163,
            2.5496757504141825,
            1.1414046302691232,
            -0.6821714490747394,
            0.6013449685096741,
            -0.8435996263486762,
            -1.7273091445791575,
            0.9472267086578506,
            1.6253027463007468,
            -2.2434686572354345,
            0.8349686557687497,
            3.327305809791067,
            0.8281274694911877,
            -3.7504881240557735,
            0.84299702743951,
            0.9284669507456796,
            -0.9436734702347063,
            -0.6319872312712846,
            0.4533285083123974,
            1.5157625126597958,
