{
    "type": "svm_sgd",
    "dim": 129,
    "weights": [
        [
            0.2471885214031526,
            -0.584462026369186,
            0.3224659099835124,
            -0.2498066509020034,
            0.6729925034092331,
            -0.2788695761621934,
            1.0805551574291368,
            0.3495915523544813,
            -0.1153400184811203,
            0.5275985302252617,
            -1.8521488395739039,
            0.5857943198487892,
            1.2965367917304242,
            -0.39693730453956716,
            -1.3060114131709988,
            0.5583461672258301,
            1.959459200582126,
            -0.7309545189644775,
            1.359892216604129,
            -1.3765172410970807,
            1.3288803606843789,
            -0.42568429892324183,
            -0.2759942123840857,
            -0.19506542871481805,
            -0.4491369650141658,
            -0.4314729286678296,
            -0.0909158810673276,
            1.2275379826153547,
            -0.507774261582777,
            -0.23046389848937154,
            0.5806012973074071,
            -0.616933759992048,
            1.051299771692376,
            -0.505275435411021,
            1.2271276901487962,
            -0.28812276138653814,
            0.5051133050908244,
            -1.5454765699141517,
            0.9038372016024483,
            -1.3596878938737331,
            0.02396753147902168,
            -0.5140908941858736,
            0.20290150900815818,
            -1.4450519560361659,
            0.37347859280970747,
            -0.017468218547743358,
            0.6221688421649606,
            0.72431985194274,
            -0.7617185917231841,
            -1.2746754789382841,
            0.19081603427440968,
            0.7176106060194476,
            0.9007899388287488,
            -0.13348186490396408,
            1.8055564886471673,
            -0.47757584661606667,
            0.5563532133032713,
            -1.5629826948019954,
            1.0256514691209655,
            -0.3140779250864397,
            0.7893427540582676,
            1.0033091555543756,
            -1.1223110506759766,
            -0.9087290504840057,
            -0.23993878058477855,
            2.2725994641542746,
            0.07861347627993669,
            1.989833654875601,
            -2.0117504202777585,
            0.9774918910273974,
            -0.08610324756662324,
            2.0479667529452743,
            0.07239667468716679,
            0.9726407699830277,
            0.8106037383825574,
            0.2885281523958953,
            -0.886880531754372,
            0.7052796187136191,
            -1.358284546248098,
            0.7128004146637228,
            -0.42916268209534375,
            0.316268412069947,
            0.5284388121400648,
            1.1065613215085102,
            0.7435091243932986,
            1.5398059232191788,
            0.05966542574530145,
            -0.10304718427063314,
            1.6333674601365749,
            -1.006108100825857,
            0.623495022075748,
            0.10948736817349408,
            0.5298419823416178,
            -0.8265945140960327,
            0.6190419800608011,
            0.48522148346968696,
            -0.398759964491456,
            -0.533590623396521,
            1.1669540353512715,
            1.9736673318726583,
            -0.6198558995194356,
            -0.7236349336036784,
            -1.1079065599604463,
            -1.227508423797898,
            -0.45847944536165053,
            -0.19039604935066382,
            0.9258168441572997,
            0.7262831425866018,
            -0.8299932006787311,
            1.2807344057046484,
            -1.2943818297670755,
            -0.05150570069853291,
            0.6386963673303196,
            -0.2509043816234954,
            1.193559960928287,
            0.5903926609897155,
            0.47107268751282105,
            0.4378293962617577,
            0.6180756972440984,
            0.2707363339639008,
            1.231264621351117,
            -2.165533587794939,
            -2.7232496392701573,
            0.6518148634338871,
            0.34882665445917677,
            -0.4180475920608408,
            0.5566150727073447,
            0.9228432288557763,
            1.40627197299958
        ],
        [
            -0.2471885214031526,
            0.584462026369186,
            -0.3224659099835124,
            0.2498066509020034,
            -0.6729925034092331,
            0.2788695761621934,
            -1.0805551574291368,
            -0.3495915523544813,
            0.1153400184811203,
            -0.5275985302252617,
            1.8521488395739039,
            -0.5857943198487892,
            -1.2965367917304242,
            0.39693730453956716,
            1.3060114131709988,
            -0.5583461672258301,
            -1.959459200582126,
            0.7309545189644775,
            -1.359892216604129,
            1.3765172410970807,
            -1.3288803606843789,
            0.42568429892324183,
            0.2759942123840857,
            0.19506542871481805,
            0.4491369650141658,
            0.4314729286678296,
            0.0909158810673276,
            -1.2275379826153547,
            0.507774261582777,
            0.23046389848937154,
            -0.5806012973074071,
            0.616933759992048,
            -1.051299771692376,
            0.505275435411021,
            -1.2271276901487962,
            0.28812276138653814,
            -0.5051133050908244,
            1.5454765699141517,
            -0.9038372016024483,
            1.3596878938737331,
            -0.02396753147902168,
            0.5140908941858736,
            -0.20290150900815818,
            1.4450519560361659,
            -0.37347859280970747,
            0.017468218547743358,
            -0.6221688421649606,
            -0.72431985194274,
            0.7617185917231841,
            1.2746754789382841,
            -0.19081603427440968,
            -0.7176106060194476,
            -0.9007899388287488,
            0.13348186490396408,
            -1.8055564886471673,
            0.47757584661606667,
            -0.5563532133032713,
            1.5629826948019954,
            -1.0256514691209655,
            0.3140779250864397,
            -0.7893427540582676,
            -1.0033091555543756,
            1.1223110506759766,
            0.9087290504840057,
            0.23993878058477855,
            -2.2725994641542746,
            -0.07861347627993669,
            -1.989833654875601,
            2.0117504202777585,
            -0.9774918910273974,
            0.08610324756662324,
            -2.0479667529452743,
            -0.07239667468716679,
            -0.9726407699830277,
            -0.8106037383825574,
            -0.2885281523958953,
            0.886880531754372,
            -0.7052796187136191,
            1.358284546248098,
            -0.7128004146637228,
            0.42916268209534375,
            -0.316268412069947,
            -0.5284388121400648,
            -1.1065613215085102,
            -0.7435091243932986,
            -1.5398059232191788,
            -0.05966542574530145,
            0.10304718427063314,
            -1.6333674601365749,
            1.006108100825857,
            -0.623495022075748,
            -0.10948736817349408,
            -0.5298419823416178,
            0.8265945140960327,
            -0.6190419800608011,
            -0.48522148346968696,
            0.398759964491456,
            0.533590623396521,
            -1.1669540353512715,
            -1.9736673318726583,
            0.6198558995194356,
            0.7236349336036784,
            1.1079065599604463,
            1.227508423797898,
            0.45847944536165053,
            0.19039604935066382,
            -0.9258168441572997,
            -0.7262831425866018,
            0.8299932006787311,
            -1.2807344057046484,
            1.2943818297670755,
            0.05150570069853291,
            -0.6386963673303196,
            0.2509043816234954,
