{
    "type": "svm_sgd",
    "dim": 29,
    "weights": [
        0.19992003198720515,
        -0.19992003198720512,
        0.0,
        0.0,
        0.19992003198720515,
        -0.19992003198720512,
        0.0,
        0.0,
        0.0,
        0.19992003198720515,
        -0.19992003198720512,
        0.0,
        0.19992003198720515,
        -0.19992003198720512,
        0.0,
        0.19992003198720515,
        -0.19992003198720512,
        0.0,
        0.0,
        0.19992003198720515,
        -0.19992003198720512,
        0.0,
        0.0,
        0.0,
        0.19992003198720515,
        -0.19992003198720512,
        0.0,
        0.0,
        2.7745587603612092e-17
    ],
    "bias_index": 28,
    "lambda": 0.0001,
    "epochs": 20,
    "eta0": 0.1,
    "goal_column": "210_Rekomendasi_Jurusan",
    "label_map": {
        "+1": "370_Informatika / Ilmu Komputer",
        "-1": "371_Sistem Informasi"
    },
    "feature_index": {
        "CAT::203_Minat_Utama::338_Programming / ngoding": 0,
        "CAT::203_Minat_Utama::340_Bisnis & manajemen": 1,
        "CAT::203_Minat_Utama::341_Jaringan & infrastruktur": 2,
        "CAT::203_Minat_Utama::339_Desain visual & tampilan": 3,
        "CAT::204_Matkul_Terkuat::343_Matematika": 4,
        "CAT::204_Matkul_Terkuat::345_Ekonomi / Akuntansi": 5,
        "CAT::204_Matkul_Terkuat::344_Fisika": 6,
        "CAT::204_Matkul_Terkuat::348_Informatika / TIK": 7,
        "CAT::204_Matkul_Terkuat::346_Seni / Desain": 8,
        "CAT::205_Gaya_Belajar::349_Suka praktik teknis / ngoprek": 9,
        "CAT::205_Gaya_Belajar::351_Suka kerja proyek tim": 10,
        "CAT::205_Gaya_Belajar::352_Suka eksplor ide kreatif / desain": 11,
        "CAT::206_Toleransi_Mtk::353_Sangat tinggi (suka matematika)": 12,
        "CAT::206_Toleransi_Mtk::354_Cukup (nggak suka banget, tapi oke)": 13,
        "CAT::206_Toleransi_Mtk::355_Rendah (cepat pusing kalau kebanyakan rumus)": 14,
        "CAT::207_Prefensi_Pekerjaan::356_Di balik layar ngoding (backend / sistem)": 15,
        "CAT::207_Prefensi_Pekerjaan::358_Campuran teknis & bisnis (BA, PM, produk)": 16,
        "CAT::207_Prefensi_Pekerjaan::359_Mengelola sistem & jaringan (admin jaringan, infra)": 17,
        "CAT::207_Prefensi_Pekerjaan::357_Di depan user (UI/UX, analyst, komunikasi)": 18,
        "CAT::208_Orientasi_Karir::360_Software engineer / developer": 19,
        "CAT::208_Orientasi_Karir::363_IT business analyst / product manager": 20,
        "CAT::208_Orientasi_Karir::364_Network / systems engineer": 21,
        "CAT::208_Orientasi_Karir::362_UI/UX designer / product designer": 22,
        "CAT::208_Orientasi_Karir::365_Tech entrepreneur / bisnis digital": 23,
        "CAT::209_Kepribadian::367_Ambivert (kadang suka sendiri, kadang suka ramai)": 24,
        "CAT::209_Kepribadian::368_Ekstrovert komunikatif (suka ngobrol, presentasi)": 25,
        "CAT::209_Kepribadian::366_Introvert analitis (suka fokus sendiri, mikir dalam)": 26,
        "CAT::209_Kepribadian::369_Kreatif intuitif (ide visual, storytelling, desain)": 27
    },
    "numeric_minmax": [],
    "kernel": "sgd",
    "kernel_meta": {
        "type": "sgd"
    }
}