{
    "type": "svm_sgd",
    "dim": 135,
    "weights": [
        [
            -0.8060615831049484,
            0.24181847493148534,
            0.4836369498629679,
            0.4836369498629712,
            -0.5642431081734621,
            -0.6448492664839581,
            0.3224246332419768,
            0.16121231662098875,
            0.08060615831049754,
            -0.5642431081734676,
            1.3321280238820904e-15,
            0.4836369498629651,
            8.737932189832646e-16,
            -1.6652674188280727e-16,
            -9.019616828368322e-16,
            0.8060615831049528,
            -0.8866677414154487,
            0.3224246332419772,
            -0.40303079155247246,
            -0.08060615831049393,
            0.08060615831049585,
            -0.2418184749314853,
            -0.0806061583104951,
            0.4030307915524733,
            -3.1637020371932784e-15,
            0.9672738997259444,
            -0.0806061583104971,
            -0.1612123166209928,
            -0.08060615831049271,
            -0.9672738997259328,
            -1.047880058036441,
            -0.16121231662099028,
            0.5642431081734617,
            0.16121231662098862,
            -0.6448492664839629,
            0.08060615831049592,
            2.6290006945749013e-16,
            0.48363694986297,
            -0.6448492664839599,
            1.3703046912784198,
            0.32242463324198106,
            -0.32242463324197773,
            -0.2418184749314853,
            -0.5642431081734633,
            1.0478800580364345,
            -0.2418184749314892,
            -0.24181847493148448,
            0.5642431081734623,
            -0.16121231662098962,
            3.6064506746663543e-16,
            -0.24181847493148792,
            -2.0793358168614084e-16,
            0.08060615831049502,
            -0.2418184749314853,
            0.08060615831049694,
            0.16121231662098545,
            0.24181847493148742,
            -0.2418184749314886,
            -0.16121231662098828,
            -0.32242463324198195,
            0.32242463324197707,
            -1.928748171797657e-15,
            0.7254554247944519,
            -0.16121231662098948,
            -0.2418184749314853,
            -0.5642431081734591,
            0.1612123166209887,
            -7.632475669628665e-16,
            2.2196048356092145e-16,
            0.1612123166209862,
            -0.24181847493148495,
            0.0806061583104903,
            -0.16121231662099392,
            -0.32242463324197784,
            0.24181847493148642,
            0.08060615831049278,
            -0.16121231662098887,
            -0.1612123166209877,
            0.08060615831049357,
            -0.24181847493148725,
            0.16121231662099164,
            -0.16121231662098837,
            0.08060615831049232,
            7.77143588523806e-16,
            -0.08060615831049259,
            -0.1612123166209918,
            -0.08060615831049432,
            0.16121231662098956,
            -0.40303079155247606,
            0.40303079155247123,
            -0.08060615831049157,
            -0.08060615831049586,
            -0.32242463324198006,
            0.24181847493148423,
            -2.3375785910043465,
            -2.8212155408672923,
            -4.496330762173449e-15,
            5.078187973561199,
            -3.385458649040773,
            -2.9018216991778267,
            -0.2418184749314853,
            4.352732548766718,
            -2.498790907625363,
            2.2569724326938783,
            3.6272771239722967,
            2.579397065935845,
            -3.7884894405932745,
            -2.740609382556824,
            2.6600032242463403,
            2.498790907625339,
            -2.579397065935814,
            2.2569724326938774,
            -2.337578591004328,
            2.4181847493148245,
            -2.176366274383382,
            -0.2418184749314853,
            -3.224246332419779,
            2.7406093825568276,
            -3.304852490730331,
            -2.498790907625322,
            -2.9018216991778307,
            2.9824278574883247,
            3.224246332419809,
            2.9018216991778134,
            -0.16121231662099114,
            0.08060615831049393,
            -0.40303079155247445,
            0.322424633241979,
            0.32242463324198145,
            -0.4030307915524738,
            -0.3224246332419823,
            0.24181847493148634,
            -2.22041025292516e-16,
            -0.08060615831049592,
            -0.08060615831049586
        ],
        [
            0.8060615831049484,
            -0.24181847493148534,
            -0.4836369498629679,
            -0.4836369498629712,
            0.5642431081734621,
            0.6448492664839581,
            -0.3224246332419768,
            -0.16121231662098875,
            -0.08060615831049754,
            0.5642431081734676,
            -1.3321280238820904e-15,
            -0.4836369498629651,
            -8.737932189832646e-16,
            1.6652674188280727e-16,
            9.019616828368322e-16,
            -0.8060615831049528,
            0.8866677414154487,
            -0.3224246332419772,
            0.40303079155247246,
            0.08060615831049393,
            -0.08060615831049585,
            0.2418184749314853,
            0.0806061583104951,
            -0.4030307915524733,
            3.1637020371932784e-15,
            -0.9672738997259444,
            0.0806061583104971,
            0.1612123166209928,
            0.08060615831049271,
            0.9672738997259328,
            1.047880058036441,
            0.16121231662099028,
            -0.5642431081734617,
            -0.16121231662098862,
            0.6448492664839629,
            -0.08060615831049592,
            -2.6290006945749013e-16,
            -0.48363694986297,
            0.6448492664839599,
            -1.3703046912784198,
            -0.32242463324198106,
            0.32242463324197773,
            0.2418184749314853,
            0.5642431081734633,
            -1.0478800580364345,
            0.2418184749314892,
            0.24181847493148448,
            -0.5642431081734623,
            0.16121231662098962,
            -3.6064506746663543e-16,
            0.24181847493148792,
            2.0793358168614084e-16,
            -0.08060615831049502,
            0.2418184749314853,
            -0.08060615831049694,
            -0.16121231662098545,
            -0.24181847493148742,
            0.2418184749314886,
            0.16121231662098828,
            0.32242463324198195,
            -0.32242463324197707,
            1.928748171797657e-15,
            -0.7254554247944519,
            0.16121231662098948,
            0.2418184749314853,
            0.5642431081734591,
            -0.1612123166209887,
            7.632475669628665e-16,
            -2.2196048356092145e-16,
            -0.1612123166209862,
            0.24181847493148495,
            -0.0806061583104903,
            0.16121231662099392,
            0.32242463324197784,
            -0.24181847493148642,
            -0.08060615831049278,
            0.16121231662098887,
            0.1612123166209877,
            -0.08060615831049357,
            0.24181847493148725,
            -0.16121231662099164,
            0.16121231662098837,
            -0.08060615831049232,
            -7.77143588523806e-16,
            0.08060615831049259,
            0.1612123166209918,
            0.08060615831049432,
            -0.16121231662098956,
            0.40303079155247606,
            -0.40303079155247123,
            0.08060615831049157,
            0.08060615831049586,
            0.32242463324198006,
            -0.24181847493148423,
            2.3375785910043465,
            2.8212155408672923,
            4.496330762173449e-15,
            -5.078187973561199,
            3.385458649040773,
            2.9018216991778267,
            0.2418184749314853,
            -4.352732548766718,
            2.498790907625363,
