{
    "type": "svm_sgd",
    "dim": 135,
    "weights": [
        [
            -0.16121231662099597,
            0.16121231662099134,
            7.213948391843439e-16,
            0.24181847493148162,
            -0.24181847493148328,
            -0.48363694986297134,
            0.7254554247944557,
            2.6642560477641808e-15,
            -0.24181847493148564,
            -0.8866677414154364,
            0.08060615831049774,
            0.24181847493148145,
            0.5642431081734673,
            0.6448492664839554,
            -0.3224246332419798,
            -0.0806061583104979,
            -0.2418184749314848,
            -0.08060615831049511,
            0.08060615831049296,
            0.40303079155247257,
            0.40303079155247234,
            -0.3224246332419799,
            0.24181847493148478,
            -0.08060615831049689,
            0.5642431081734645,
            1.2896985329679138,
            0.5642431081734717,
            -6.798252379650796e-16,
            -0.4030307915524763,
            -0.40303079155247334,
            -1.0478800580364378,
            -0.5642431081734636,
            -0.08060615831049465,
            -0.5642431081734615,
            -0.8060615831049471,
            0.1612123166209888,
            -0.2418184749314837,
            -0.2418184749314858,
            -0.08060615831049252,
            1.2090923746574267,
            -0.08060615831049471,
            -0.7254554247944578,
            -0.3224246332419799,
            -0.16121231662099067,
            0.725455424794457,
            -0.3224246332419807,
            0.24181847493148598,
            1.1284862163469245,
            -0.48363694986297096,
            0.4030307915524737,
            -0.40303079155247323,
            -2.2584691295550264e-15,
            -0.16121231662099142,
            -0.3224246332419799,
            0.5642431081734635,
            0.4836369498629689,
            -0.24181847493148315,
            -0.08060615831049572,
            -0.4030307915524721,
            0.6448492664839627,
            0.0,
            -0.48363694986296846,
            0.7254554247944531,
            1.9418566742052256e-15,
            -0.3224246332419799,
            -0.4836369498629686,
            0.16121231662099098,
            -0.16121231662098903,
            0.08060615831049354,
            0.4030307915524731,
            -0.40303079155247556,
            5.606264731472994e-15,
            1.6645559668656541e-16,
            -0.08060615831049396,
            0.08060615831049565,
            0.08060615831049424,
            -0.0806061583104927,
            0.0806061583104969,
            -0.08060615831049414,
            -0.16121231662099014,
            0.16121231662098837,
            0.08060615831049332,
            -0.08060615831049783,
            2.330885766520961e-15,
            -1.915011220156617e-15,
            -1.0823540194041988e-15,
            -3.1359249837825574e-15,
            7.632291094827095e-16,
            -0.08060615831049625,
            2.6366096509402695e-16,
            0.08060615831049357,
            -1.942765005955988e-15,
            0.0806061583104949,
            -0.08060615831049421,
            -2.740609382556832,
            -2.1763662743833394,
            -0.08060615831049106,
            4.997581815250669,
            -3.3048524907303105,
            -2.821215540867357,
            -0.3224246332419799,
            3.7884894405932283,
            -2.4181847493148414,
            2.3375785910043514,
            3.627277123972263,
            2.579397065935828,
            -3.224246332419799,
            -3.143640174109319,
            2.901821699177855,
            2.4181847493148654,
            -2.418184749314841,
            2.4987909076253167,
            -2.4987909076253394,
            3.063034015798798,
            -2.7406093825568467,
            -0.3224246332419799,
            -3.8690955989037508,
            2.015153957762379,
            -2.6600032242463105,
            -2.337578591004353,
            -1.9345477994518794,
            3.143640174109299,
            2.9018216991778436,
            2.740609382556862,
            -0.24181847493148653,
            0.2418184749314839,
            0.08060615831049496,
            -0.08060615831049583,
            0.16121231662099159,
            -0.16121231662099278,
            -0.24181847493148687,
            0.24181847493148842,
            -0.08060615831049336,
            0.08060615831049549,
            -1.942765005955988e-15
        ],
        [
            0.16121231662099597,
            -0.16121231662099134,
            -7.213948391843439e-16,
            -0.24181847493148162,
            0.24181847493148328,
            0.48363694986297134,
            -0.7254554247944557,
            -2.6642560477641808e-15,
            0.24181847493148564,
            0.8866677414154364,
            -0.08060615831049774,
            -0.24181847493148145,
            -0.5642431081734673,
            -0.6448492664839554,
            0.3224246332419798,
            0.0806061583104979,
            0.2418184749314848,
            0.08060615831049511,
            -0.08060615831049296,
            -0.40303079155247257,
            -0.40303079155247234,
            0.3224246332419799,
            -0.24181847493148478,
            0.08060615831049689,
            -0.5642431081734645,
            -1.2896985329679138,
            -0.5642431081734717,
            6.798252379650796e-16,
            0.4030307915524763,
            0.40303079155247334,
            1.0478800580364378,
            0.5642431081734636,
            0.08060615831049465,
            0.5642431081734615,
            0.8060615831049471,
            -0.1612123166209888,
            0.2418184749314837,
            0.2418184749314858,
            0.08060615831049252,
            -1.2090923746574267,
            0.08060615831049471,
            0.7254554247944578,
            0.3224246332419799,
            0.16121231662099067,
            -0.725455424794457,
            0.3224246332419807,
            -0.24181847493148598,
            -1.1284862163469245,
            0.48363694986297096,
            -0.4030307915524737,
            0.40303079155247323,
            2.2584691295550264e-15,
            0.16121231662099142,
            0.3224246332419799,
            -0.5642431081734635,
            -0.4836369498629689,
            0.24181847493148315,
            0.08060615831049572,
            0.4030307915524721,
            -0.6448492664839627,
            0.0,
            0.48363694986296846,
            -0.7254554247944531,
            -1.9418566742052256e-15,
            0.3224246332419799,
            0.4836369498629686,
            -0.16121231662099098,
            0.16121231662098903,
            -0.08060615831049354,
            -0.4030307915524731,
            0.40303079155247556,
            -5.606264731472994e-15,
            -1.6645559668656541e-16,
            0.08060615831049396,
            -0.08060615831049565,
            -0.08060615831049424,
            0.0806061583104927,
            -0.0806061583104969,
            0.08060615831049414,
            0.16121231662099014,
            -0.16121231662098837,
            -0.08060615831049332,
            0.08060615831049783,
            -2.330885766520961e-15,
            1.915011220156617e-15,
            1.0823540194041988e-15,
            3.1359249837825574e-15,
            -7.632291094827095e-16,
            0.08060615831049625,
            -2.6366096509402695e-16,
            -0.08060615831049357,
            1.942765005955988e-15,
            -0.0806061583104949,
            0.08060615831049421,
            2.740609382556832,
            2.1763662743833394,
            0.08060615831049106,
            -4.997581815250669,
            3.3048524907303105,
            2.821215540867357,
            0.3224246332419799,
            -3.7884894405932283,
            2.4181847493148414,
            -2.3375785910043514,
