{
    "type": "svm_sgd",
    "dim": 129,
    "weights": [
        [
            0.3829302916061566,
            0.2802181376541208,
            0.13325195884419433,
            0.06373411594920239,
            -0.0007639580184509408,
            0.045880007023846696,
            0.5496250482256579,
            0.1964925883819003,
            0.027430264426555752,
            0.08121204068261234,
            -0.04189638689558879,
            0.04949972302228562,
            -0.03582635724920932,
            0.061347796932677945,
            -0.10059880857136866,
            -0.085372574892332,
            -0.12762864457278938,
            -0.1017063484813128,
            0.03186116814192589,
            0.12019756648461907,
            0.03457824477015884,
            -0.13375558466521348,
            -0.06862513438371746,
            0.0381937439984048,
            0.07519275677033599,
            -0.021521159949320214,
            -0.1800528367864321,
            0.0014677832171673952,
            -0.0021432833346431797,
            0.13602054367892136,
            -0.15944997361553395,
            0.020068148710583017,
            0.03898611107324335,
            0.186225185100004,
            -0.04749116473120876,
            0.13058997598968553,
            0.22753510158503548,
            0.037131607024288873,
            0.010550954853744292,
            -0.03630021295012079,
            -0.015541241530603359,
            0.14829910156983134,
            -0.3704025119223121,
            0.02300055974638502,
            -0.046504505878853325,
            -0.11419901848793673,
            -0.024170345694778328,
            0.014855458868481566,
            -0.44376376280041496,
            0.11532936364598098,
            0.3526275648105223,
            0.06711789663735178,
            0.36379008809768665,
            0.015036089968937445,
            0.14422552385734239,
            -0.06299859309993706,
            -0.3242005073160078,
            -0.2159278902586834,
            -0.19425401953910493,
            0.07999649220707498,
            0.04565137961156864,
            0.18877977019016984,
            -0.04573462732852154,
            0.024680917966844993,
            -0.3294496854817426,
            -0.0356640213785259,
            0.6070693380165103,
            -0.060072091577958724,
            -0.21316001470027202,
            -0.06487719181608981,
            -0.07327694401836482,
            -0.012369653173775568,
            -0.2844822888701169,
            -0.026754870638011997,
            0.03980685969551493,
            0.012389040173933713,
            -0.07731071161837817,
            -0.2930956350747301,
            -0.02428433940958639,
            -0.2689548399063051,
            0.21827711058257962,
            -0.14655162157087326,
            0.005960820829198053,
            0.16066182433678944,
            -0.009718677824694204,
            -0.2952784314463651,
            0.033405710465101005,
            -0.20033219699876745,
            -0.03723748756461767,
            -0.05209522249222892,
            0.10845042027159446,
            0.03667907488745768,
            -0.1854192879458689,
            -0.14481948724082497,
            -0.03777857560703499,
            -0.17175466446154825,
            -0.5970059088967035,
            0.1080665810331586,
            0.06819368899346921,
            0.12358705149498735,
            -0.4021685216889389,
            0.029923034875421257,
            0.15656601069203874,
            0.13061615262016116,
            0.2627238723727624,
            -0.18718047470149937,
            -0.4872217329487745,
            0.050503047778422135,
            0.08513204299180334,
            -0.04163008794051669,
            0.09063669430531777,
            0.0033799845638685295,
            -0.15726931480410453,
            0.37094107818980476,
            -0.23924133026199357,
            -0.024924229311444973,
            0.10188494377705894,
            0.059339784941560364,
            -0.39852444628073047,
            0.2026447475398033,
            0.1987355641932361,
            0.1269110516916345,
            0.23826203008783503,
            -0.10175864545045535,
            -0.11413812014170688,
            -0.04564288059755728,
            -0.18838048518787937,
            0.03593002808568676,
            0.3992812936713915
        ],
        [
            -0.3829302916061566,
            -0.2802181376541208,
            -0.13325195884419433,
            -0.06373411594920239,
            0.0007639580184509408,
            -0.045880007023846696,
            -0.5496250482256579,
            -0.1964925883819003,
            -0.027430264426555752,
            -0.08121204068261234,
            0.04189638689558879,
            -0.04949972302228562,
            0.03582635724920932,
            -0.061347796932677945,
            0.10059880857136866,
            0.085372574892332,
            0.12762864457278938,
            0.1017063484813128,
            -0.03186116814192589,
            -0.12019756648461907,
            -0.03457824477015884,
            0.13375558466521348,
            0.06862513438371746,
            -0.0381937439984048,
            -0.07519275677033599,
            0.021521159949320214,
            0.1800528367864321,
            -0.0014677832171673952,
            0.0021432833346431797,
            -0.13602054367892136,
            0.15944997361553395,
            -0.020068148710583017,
            -0.03898611107324335,
            -0.186225185100004,
            0.04749116473120876,
            -0.13058997598968553,
            -0.22753510158503548,
            -0.037131607024288873,
            -0.010550954853744292,
            0.03630021295012079,
            0.015541241530603359,
            -0.14829910156983134,
            0.3704025119223121,
            -0.02300055974638502,
            0.046504505878853325,
            0.11419901848793673,
            0.024170345694778328,
            -0.014855458868481566,
            0.44376376280041496,
            -0.11532936364598098,
            -0.3526275648105223,
            -0.06711789663735178,
            -0.36379008809768665,
            -0.015036089968937445,
            -0.14422552385734239,
            0.06299859309993706,
            0.3242005073160078,
            0.2159278902586834,
            0.19425401953910493,
            -0.07999649220707498,
            -0.04565137961156864,
            -0.18877977019016984,
            0.04573462732852154,
            -0.024680917966844993,
            0.3294496854817426,
            0.0356640213785259,
            -0.6070693380165103,
            0.060072091577958724,
            0.21316001470027202,
            0.06487719181608981,
            0.07327694401836482,
            0.012369653173775568,
            0.2844822888701169,
            0.026754870638011997,
            -0.03980685969551493,
            -0.012389040173933713,
            0.07731071161837817,
            0.2930956350747301,
            0.02428433940958639,
            0.2689548399063051,
            -0.21827711058257962,
            0.14655162157087326,
            -0.005960820829198053,
            -0.16066182433678944,
            0.009718677824694204,
            0.2952784314463651,
            -0.033405710465101005,
            0.20033219699876745,
            0.03723748756461767,
            0.05209522249222892,
            -0.10845042027159446,
            -0.03667907488745768,
            0.1854192879458689,
            0.14481948724082497,
            0.03777857560703499,
            0.17175466446154825,
            0.5970059088967035,
            -0.1080665810331586,
            -0.06819368899346921,
            -0.12358705149498735,
            0.4021685216889389,
            -0.029923034875421257,
            -0.15656601069203874,
            -0.13061615262016116,
            -0.2627238723727624,
            0.18718047470149937,
            0.4872217329487745,
