{
    "type": "svm_sgd",
    "dim": 47,
    "weights": [
        [
            -0.7625826131164173,
            0.7625826131164225,
            -2.7961362480935685,
            0.3389256058295218,
            1.5251652262328375,
            0.932045416031177,
            -0.4236570072869024,
            -0.762582613116417,
            0.4236570072869002,
            0.5931198102016622,
            -0.42365700728690064,
            0.5931198102016644,
            1.3322224755888406e-15,
            3.58040857878057e-15,
            0.5931198102016636,
            -0.5931198102016633,
            1.2709710218607138,
            -0.4236570072868963,
            -0.8473140145737899,
            -0.16946280291475982,
            -0.7625826131164155,
            0.9320454160311833,
            -1.016776817488562,
            1.6513587979585604e-15,
            1.101508218945945,
            -0.08473140145737906,
            0.5931198102016619,
            -0.5931198102016602,
            -0.5083884087442848,
            0.16946280291476026,
            0.33892560582952275,
            0.42365700728690275,
            -0.42365700728690386,
            0.42365700728690503,
            -0.2541942043721384,
            0.08473140145738221,
            0.25419420437214074,
            -0.5083884087442809,
            0.3389256058295229,
            -0.25419420437214113,
            -0.0847314014573834,
            -0.33892560582952863,
            0.2541942043721443,
            -0.25419420437214313,
            0.6778512116590373,
            -0.33892560582951964,
            -1.9983675788542713e-15
        ],
        [
            0.7625826131164195,
            -1.2709710218606987,
            1.2709710218607062,
            0.42365700728690153,
            -0.7625826131164163,
            -1.4404338247754644,
            0.33892560582951764,
            -9.158951911302214e-16,
            -0.25419420437214013,
            -0.08473140145738224,
            -0.2541942043721411,
            -0.2541942043721451,
            -0.08473140145737962,
            -0.42365700728689737,
            -1.0167768174885625,
            0.5083884087442796,
            -1.0167768174885603,
            0.5083884087442794,
            -1.1101665821734725e-16,
            0.7625826131164223,
            -1.1862396204033234,
            -0.08473140145738106,
            0.3389256058295188,
            1.2489268219854657e-16,
            -0.4236570072868979,
            -0.42365700728690225,
            -1.9705790784751602e-15,
            -0.5083884087442793,
            0.16946280291476004,
            -0.4236570072869041,
            -0.25419420437213996,
            -0.16946280291476004,
            -0.3389256058295235,
            -0.42365700728690175,
            0.1694628029147612,
            2.2197122973784216e-16,
            0.33892560582952164,
            -0.5931198102016617,
            -0.3389256058295223,
            -0.16946280291475713,
            -1.248958570864538e-15,
            0.6778512116590438,
            -0.33892560582951997,
            -0.3389256058295203,
            -0.762582613116417,
            0.2541942043721398,
            -0.5083884087442796
        ],
        [
            0.4236570072869014,
            -0.932045416031185,
            0.16946280291476232,
            0.08473140145738099,
            -0.9320454160311807,
            0.16946280291476018,
            0.16946280291476482,
            0.5083884087442785,
            0.1694628029147604,
            -0.5083884087442818,
            -0.3389256058295214,
            -0.5083884087442808,
            -0.5931198102016666,
            0.08473140145738062,
            -0.16946280291475813,
            -0.3389256058295274,
            -3.2197932553804445,
            1.27097102186071,
            1.4404338247754616,
            -0.593119810201661,
            2.457210642264016,
            -2.372479240806648,
            0.08473140145737672,
            -0.4236570072868998,
            -0.9320454160311812,
            0.7625826131164244,
            -1.0167768174885654,
            0.5083884087442767,
            0.4236570072869018,
            -2.3591639572235436e-16,
            -0.9320454160311823,
            -0.59311981020166,
            0.08473140145738006,
            0.25419420437214085,
            0.42365700728690475,
            -3.4539002314025666e-15,
            -0.42365700728689903,
            -0.7625826131164261,
            -0.2541942043721395,
            0.338925605829521,
            -0.5931198102016657,
            -0.33892560582952025,
            -0.08473140145738255,
            0.7625826131164202,
            -0.16946280291475885,
            -0.6778512116590354,
            -0.5083884087442789
        ],
        [
            -1.7793594306049798,
            0.6778512116590445,
            -1.1862396204033305,
            -0.4236570072869014,
            -0.16946280291476526,
            0.677851211659041,
            -0.5931198102016657,
            0.4236570072868984,
            -0.25419420437214335,
            -1.0167768174885716,
            0.5083884087442816,
            -0.1694628029147613,
            -0.08473140145738074,
            -1.0167768174885667,
            -0.42365700728689965,
            -0.677851211659042,
            -0.847314014573806,
            -0.08473140145737981,
            -0.16946280291475943,
            -0.5931198102016646,
            -1.0167768174885632,
            0.5083884087442846,
            -0.7625826131164207,
            -0.16946280291476065,
            -0.25419420437214124,
            0.0847314014573804,
            -2.1182850364345254,
            1.0167768174885696,
            -0.4236570072869023,
            1.1015082189459406,
            -1.7793594306049858,
            1.18623962040332,
            -2.287747839349279,
            1.3557024233180848,
            -3.050330452465682,
            -1.3557024233180808,
            -0.9320454160311842,
            2.8808676495509284,
            -0.7625826131164243,
            -0.8473140145738051,
            0.5083884087442835,
            -1.5251652262328366,
            -0.4236570072869033,
            0.42365700728689965,
            0.16946280291475946,
            0.2541942043721419,
            -1.1015082189459495
        ]
    ],
    "bias_index": 46,
    "lambda": 0.0001,
    "epochs": 20,
    "eta0": 0.1,
    "goal_column": "320_Class",
    "classes": [
        "1133_2",
        "1132_3",
        "1134_4",
        "1135_1"
    ],
    "num_classes": 4,
    "label_map": {
        "+1": "1133_2",
        "-1": "1132_3"
    },
    "feature_index": {
        "CAT::306_Sex::1086_1": 0,
        "CAT::306_Sex::1087_2": 1,
        "CAT::307_Age::1088_5": 2,
        "CAT::307_Age::1089_4": 3,
        "CAT::307_Age::1090_3": 4,
        "CAT::307_Age::1091_2": 5,
        "CAT::308_Height::1092_2": 6,
        "CAT::308_Height::1093_1": 7,
        "CAT::308_Height::1094_3": 8,
        "CAT::308_Height::1095_5": 9,
        "CAT::308_Height::1096_0": 10,
        "CAT::308_Height::1097_4": 11,
        "CAT::309_Overweight_Obese_Family::1098_2": 12,
        "CAT::309_Overweight_Obese_Family::1099_1": 13,
        "CAT::310_Consumption_of_Fast_Food::1100_2": 14,
        "CAT::310_Consumption_of_Fast_Food::1101_1": 15,
        "CAT::311_Frequency_of_Consuming_Vegetables::1102_3": 16,
        "CAT::311_Frequency_of_Consuming_Vegetables::1103_2": 17,
        "CAT::311_Frequency_of_Consuming_Vegetables::1104_1": 18,
        "CAT::312_Number_of_Main_Meals_Daily::1105_2": 19,
        "CAT::312_Number_of_Main_Meals_Daily::1106_3": 20,
        "CAT::312_Number_of_Main_Meals_Daily::1107_1": 21,
        "CAT::313_Food_Intake_Between_Meals::1108_4": 22,
        "CAT::313_Food_Intake_Between_Meals::1109_2": 23,
        "CAT::313_Food_Intake_Between_Meals::1110_1": 24,
        "CAT::313_Food_Intake_Between_Meals::1111_3": 25,
        "CAT::314_Smoking::1112_2": 26,