{
    "type": "svm_sgd",
    "dim": 28,
    "weights": [
        [
            0.8375209380234507,
            -1.023636702028659,
            0.279173646007818,
            -0.46528941001302604,
            1.7680997580495057,
            0.3722315280104211,
            0.27917364600781724,
            -1.861157640052104,
            0.2791736460078175,
            -0.0930578820026046,
            0.18611576400521235,
            0.18611576400521235,
            -0.09305788200260448,
            0.2791736460078159,
            0.37223152801042214,
            -0.18611576400520852,
            0.8375209380234516,
            -0.651405174018237,
            -0.18611576400521362,
            -0.1861157640052104,
            0.5583472920156318,
            0.2791736460078189,
            -0.09305788200260591,
            0.46528941001302737,
            0.9305788200260554,
            -1.302810348036478,
            0.09305788200260559,
            0.18611576400521235
        ],
        [
            -0.8375209380234507,
            1.023636702028659,
            -0.279173646007818,
            0.46528941001302604,
            -1.7680997580495057,
            -0.3722315280104211,
            -0.27917364600781724,
            1.861157640052104,
            -0.2791736460078175,
            0.0930578820026046,
            -0.18611576400521235,
            -0.18611576400521235,
            0.09305788200260448,
            -0.2791736460078159,
            -0.37223152801042214,
            0.18611576400520852,
            -0.8375209380234516,
            0.651405174018237,
            0.18611576400521362,
            0.1861157640052104,
            -0.5583472920156318,
            -0.2791736460078189,
            0.09305788200260591,
            -0.46528941001302737,
            -0.9305788200260554,
            1.302810348036478,
            -0.09305788200260559,
            -0.18611576400521235
        ]
    ],
    "bias_index": 27,
    "lambda": 0.0001,
    "epochs": 20,
    "eta0": 0.1,
    "goal_column": "291_Dataset",
    "classes": [
        "1027_1",
        "1026_2"
    ],
    "num_classes": 2,
    "label_map": {
        "+1": "1027_1",
        "-1": "1026_2"
    },
    "feature_index": {
        "CAT::281_Age::999_5": 0,
        "CAT::281_Age::1000_3": 1,
        "CAT::281_Age::1001_4": 2,
        "CAT::281_Age::1002_2": 3,
        "CAT::281_Age::1003_7": 4,
        "CAT::281_Age::1004_6": 5,
        "CAT::281_Age::1005_8": 6,
        "CAT::281_Age::1006_1": 7,
        "CAT::282_Gender::1007_Male": 8,
        "CAT::282_Gender::1008_Female": 9,
        "CAT::283_Total_Bilirubin::1009_3": 10,
        "CAT::284_Direct_Bilirubin::1010_2": 11,
        "CAT::285_Alkaline_Phosphotase::1011_2": 12,
        "CAT::285_Alkaline_Phosphotase::1012_1": 13,
        "CAT::286_Alamine_Aminotransferase::1013_3": 14,
        "CAT::286_Alamine_Aminotransferase::1014_2": 15,
        "CAT::287_Aspartate_Aminotransferase::1015_3": 16,
        "CAT::287_Aspartate_Aminotransferase::1016_2": 17,
        "CAT::288_Total_Protiens::1017_1": 18,
        "CAT::288_Total_Protiens::1018_2": 19,
        "CAT::288_Total_Protiens::1019_3": 20,
        "CAT::289_Albumin::1020_1": 21,
        "CAT::289_Albumin::1021_2": 22,
        "CAT::290_Albumin_and_Globulin_Ratio::1022_1": 23,
        "CAT::290_Albumin_and_Globulin_Ratio::1023_2": 24,
        "CAT::290_Albumin_and_Globulin_Ratio::1024_0": 25,
        "CAT::290_Albumin_and_Globulin_Ratio::1025_3": 26
    },
    "numeric_minmax": [],
    "kernel": "sgd",
    "kernel_meta": {
        "type": "sgd"
    }
}