{
    "type": "svm_sgd",
    "dim": 31,
    "weights": [
        [
            0.1311475409836008,
            0.016393442622955546,
            0.26229508196721807,
            -0.8278688524590095,
            0.14754098360655463,
            -0.5737704918032959,
            0.6475409836065562,
            0.6967213114754047,
            -0.901639344262267,
            0.7950819672131129,
            0.4262295081967202,
            0.35245901639343524,
            0.05737704918032576,
            0.31967213114754245,
            0.09016393442623312,
            0.09836065573770937,
            0.14754098360654852,
            -0.09836065573770499,
            0.13934426229508368,
            -0.024590163934427155,
            0.14754098360656265,
            0.311475409836056,
            0.11475409836065711,
            -0.3524590163934309,
            0.3360655737704738,
            -0.3278688524590211,
            1.6393442622950347,
            -0.9016393442623091,
            1.0081967213114964,
            -0.5983606557377076,
            0.4098360655737716
        ],
        [
            -0.1311475409836008,
            -0.016393442622955546,
            -0.26229508196721807,
            0.8278688524590095,
            -0.14754098360655463,
            0.5737704918032959,
            -0.6475409836065562,
            -0.6967213114754047,
            0.901639344262267,
            -0.7950819672131129,
            -0.4262295081967202,
            -0.35245901639343524,
            -0.05737704918032576,
            -0.31967213114754245,
            -0.09016393442623312,
            -0.09836065573770937,
            -0.14754098360654852,
            0.09836065573770499,
            -0.13934426229508368,
            0.024590163934427155,
            -0.14754098360656265,
            -0.311475409836056,
            -0.11475409836065711,
            0.3524590163934309,
            -0.3360655737704738,
            0.3278688524590211,
            -1.6393442622950347,
            0.9016393442623091,
            -1.0081967213114964,
            0.5983606557377076,
            -0.4098360655737716
        ]
    ],
    "bias_index": 30,
    "lambda": 0.0001,
    "epochs": 20,
    "eta0": 0.1,
    "goal_column": "119_diabetes",
    "classes": [
        "329_0",
        "330_1"
    ],
    "num_classes": 2,
    "label_map": {
        "+1": "329_0",
        "-1": "330_1"
    },
    "feature_index": {
        "CAT::111_gender::299_Female": 0,
        "CAT::111_gender::300_Male": 1,
        "CAT::111_gender::301_Other": 2,
        "CAT::112_age::302_6": 3,
        "CAT::112_age::308_4": 4,
        "CAT::112_age::305_5": 5,
        "CAT::112_age::307_2": 6,
        "CAT::112_age::306_1": 7,
        "CAT::112_age::303_7": 8,
        "CAT::112_age::304_3": 9,
        "CAT::112_age::309_0": 10,
        "CAT::113_hypertension::311_0": 11,
        "CAT::113_hypertension::310_1": 12,
        "CAT::114_heart_disease::312_0": 13,
        "CAT::114_heart_disease::313_1": 14,
        "CAT::115_smoking_history::316_never": 15,
        "CAT::115_smoking_history::317_No Info": 16,
        "CAT::115_smoking_history::318_current": 17,
        "CAT::115_smoking_history::314_not current": 18,
        "CAT::115_smoking_history::315_former": 19,
        "CAT::115_smoking_history::319_ever": 20,
        "CAT::116_bmi::321_1": 21,
        "CAT::116_bmi::322_2": 22,
        "CAT::116_bmi::320_3": 23,
        "CAT::116_bmi::323_0": 24,
        "CAT::117_HbA1c_level::324_1": 25,
        "CAT::117_HbA1c_level::326_0": 26,
        "CAT::117_HbA1c_level::325_2": 27,
        "CAT::118_blood_glucose_level::327_0": 28,
        "CAT::118_blood_glucose_level::328_2": 29
    },
    "numeric_minmax": [],
    "kernel": "sgd",
    "kernel_meta": {
        "type": "sgd"
    }
}