{
    "type": "svm_sgd",
    "dim": 31,
    "weights": [
        [
            0.24590163934427015,
            0.07377049180327573,
            0.1393442622950903,
            -0.844262295081956,
            0.12295081967213244,
            -0.5245901639344183,
            0.696721311475383,
            0.7377049180327714,
            -0.8360655737704741,
            0.6967213114754215,
            0.40983606557375546,
            0.3934426229508081,
            0.06557377049180567,
            0.4590163934426159,
            -7.372278661291701e-16,
            -3.0494638917846875e-15,
            0.2622950819672108,
            0.008196721311474635,
            0.0819672131147521,
            0.08196721311475383,
            0.02459016393442372,
            0.2868852459016495,
            0.06557377049180536,
            -0.2868852459016385,
            0.3934426229508111,
            -0.3524590163934351,
            1.7213114754098089,
            -0.9098360655737803,
            1.0983606557377021,
            -0.6393442622951151,
            0.4590163934426106
        ],
        [
            -0.24590163934427015,
            -0.07377049180327573,
            -0.1393442622950903,
            0.844262295081956,
            -0.12295081967213244,
            0.5245901639344183,
            -0.696721311475383,
            -0.7377049180327714,
            0.8360655737704741,
            -0.6967213114754215,
            -0.40983606557375546,
            -0.3934426229508081,
            -0.06557377049180567,
            -0.4590163934426159,
            7.372278661291701e-16,
            3.0494638917846875e-15,
            -0.2622950819672108,
            -0.008196721311474635,
            -0.0819672131147521,
            -0.08196721311475383,
            -0.02459016393442372,
            -0.2868852459016495,
            -0.06557377049180536,
            0.2868852459016385,
            -0.3934426229508111,
            0.3524590163934351,
            -1.7213114754098089,
            0.9098360655737803,
            -1.0983606557377021,
            0.6393442622951151,
            -0.4590163934426106
        ]
    ],
    "bias_index": 30,
    "lambda": 0.0001,
    "epochs": 20,
    "eta0": 0.1,
    "goal_column": "119_diabetes",
    "classes": [
        "329_0",
        "330_1"
    ],
    "num_classes": 2,
    "label_map": {
        "+1": "329_0",
        "-1": "330_1"
    },
    "feature_index": {
        "CAT::111_gender::299_Female": 0,
        "CAT::111_gender::300_Male": 1,
        "CAT::111_gender::301_Other": 2,
        "CAT::112_age::302_6": 3,
        "CAT::112_age::308_4": 4,
        "CAT::112_age::305_5": 5,
        "CAT::112_age::307_2": 6,
        "CAT::112_age::306_1": 7,
        "CAT::112_age::303_7": 8,
        "CAT::112_age::304_3": 9,
        "CAT::112_age::309_0": 10,
        "CAT::113_hypertension::311_0": 11,
        "CAT::113_hypertension::310_1": 12,
        "CAT::114_heart_disease::312_0": 13,
        "CAT::114_heart_disease::313_1": 14,
        "CAT::115_smoking_history::316_never": 15,
        "CAT::115_smoking_history::317_No Info": 16,
        "CAT::115_smoking_history::318_current": 17,
        "CAT::115_smoking_history::314_not current": 18,
        "CAT::115_smoking_history::315_former": 19,
        "CAT::115_smoking_history::319_ever": 20,
        "CAT::116_bmi::321_1": 21,
        "CAT::116_bmi::322_2": 22,
        "CAT::116_bmi::320_3": 23,
        "CAT::116_bmi::323_0": 24,
        "CAT::117_HbA1c_level::324_1": 25,
        "CAT::117_HbA1c_level::326_0": 26,
        "CAT::117_HbA1c_level::325_2": 27,
        "CAT::118_blood_glucose_level::327_0": 28,
        "CAT::118_blood_glucose_level::328_2": 29
    },
    "numeric_minmax": [],
    "kernel": "sgd",
    "kernel_meta": {
        "type": "sgd"
    }
}