{
    "type": "svm_sgd",
    "dim": 129,
    "weights": [
        [
            -0.44438477017539546,
            1.425824655473818,
            0.6008176488679599,
            -0.45560283430908344,
            -0.07615338070098243,
            -0.17735536893983328,
            0.028016339449170438,
            0.20191989606231509,
            1.3694246480682548,
            -0.15866756930928025,
            -0.5631139823461229,
            0.32113001676415553,
            1.5853736135986645,
            -0.2719467345747682,
            0.4495465539634306,
            -0.2681884508495616,
            -0.4233571346490529,
            0.0826183381934975,
            0.01890730760449026,
            0.2780096914393899,
            -1.205480388081779,
            -0.7514753030806098,
            -0.941227855913113,
            -0.8344812457599533,
            0.2922859408527993,
            -0.6717690228540663,
            -1.042769886455741,
            0.14421628735609385,
            -0.9206126627724138,
            -1.2540380965811966,
            0.37093533421304725,
            -0.06770048026030202,
            0.29111658533262286,
            -0.4428738104910315,
            0.6220799393164915,
            0.2757784046743391,
            0.9763157151855395,
            0.2350057544490393,
            0.96472111955408,
            -0.04835847153946731,
            -1.516910420633938,
            1.0580485064500658,
            1.2603951691720678,
            -0.3561207642573117,
            0.01002115345226397,
            0.6335532264862274,
            0.6346320354423928,
            0.3104851658473232,
            -1.4185707981327258,
            1.0564252235688507,
            0.5213176596026622,
            -1.5909471630295102,
            0.5063757279909681,
            -0.5118301871288184,
            -0.06760846081930641,
            0.9792316501936588,
            -0.1426329219630584,
            0.8680138427465435,
            -0.43859259350358565,
            1.3155835712501471,
            0.016968217962222688,
            0.3654696379033619,
            -0.917337939136019,
            0.2996819072562866,
            1.8672311678906615,
            0.2818774349699693,
            -1.4234195353703987,
            -1.1843039571028395,
            1.085681590386595,
            1.4840156488218397,
            -1.0760783816756034,
            -0.6569208305871829,
            -1.0717166397506082,
            -1.080619263781347,
            -0.39292688179716884,
            -0.01849873710056167,
            0.5008206273844429,
            -0.40616083571286893,
            0.36682850380940635,
            0.12407158229469682,
            -0.05192904997650362,
            0.018974630622012316,
            0.621705530297756,
            0.6127641710601666,
            0.10262139580180128,
            0.043240006300686085,
            0.04228043361814287,
            0.3985147445346931,
            0.8309025946316311,
            -0.8802866123101276,
            -0.7064682184349815,
            0.07802546132902209,
            0.2654685520125838,
            0.1800491819844727,
            2.109078302104836,
            0.8904687855653823,
            0.62442356226736,
            -0.3191227238992704,
            0.19134209510964412,
            -0.7082024495176552,
            -0.12572920691651257,
            -1.0427358785230083,
            0.09643538506874393,
            0.28981006736267617,
            -0.5908384454721839,
            -0.5346024211918872,
            -1.2102988466338007,
            -0.19925277576203118,
            -0.3601918836278942,
            -0.050212986207187914,
            -0.27949934650273933,
            -1.1537851760007851,
            -1.0665941886383523,
            0.2769695746629401,
            0.8439219779216143,
            0.7680171873628542,
            -1.557744309868716,
            -1.1691794751653277,
            0.9763173011183515,
            -1.1229659030498513,
            0.47389980443904467,
            -0.2443171561843103,
            -0.8275056594097205,
            0.05706961431410595,
            0.36328406612290276,
            0.9108957142175056,
            0.46301070722184107,
            0.4423758108018109,
            1.5313935681470148
        ],
        [
            0.4342618857186826,
            -1.6595246800293684,
            -0.7360137560443331,
            0.3158270068639737,
            0.25702146088927985,
            -0.001998757459436271,
            0.08775877154968155,
            0.011708915322645673,
            -1.3654209526653234,
            0.03131138793376762,
            0.47468202665893466,
            -0.3342888455157743,
            -1.4652933704476112,
            0.43351659287040034,
            -0.2933494095781033,
            0.3955272520068325,
            0.42386451700978,
            -0.08537034529392495,
            0.1765786186183977,
            -0.3715686548718289,
            1.3456135050880471,
            1.0082544181114974,
            0.8908692064165893,
            0.5633673210760051,
            -0.43924967074127613,
            0.8953635672665956,
            1.1668683603216936,
            -0.10016120713283803,
            0.9514237093783796,
            1.452417196373246,
            -0.3012915395037034,
            0.015335964302140358,
            -0.34066088838757974,
            0.4157937137186874,
            -0.4870694865346646,
            -0.41147785682618365,
            -1.0122707588465556,
            -0.4493161340341386,
            -0.9543672873079145,
            0.09517581937714541,
            1.3396979128861854,
            -1.1867814742731047,
            -1.4549185733478514,
            0.18145945103267072,
            0.15038322032748602,
            -0.4427211223725708,
            -0.43491294637951333,
            -0.20330389486752098,
            1.306711019735488,
            -1.054575628355216,
            -0.3488225186653398,
            1.428344839462363,
            -0.44416430450275546,
            0.40981556165655564,
            0.24901851841834852,
            -0.8003909790089001,
            -0.042575191202030925,
            -0.8499285959532672,
            0.3635280452574261,
            -1.4869903131126492,
            -0.14296701772123158,
            -0.3777931200897134,
            0.794859087673424,
            -0.4124035717730166,
            -1.8084485069700311,
            -0.11253484545024584,
            1.6579900310815985,
            1.0810427847583013,
            -0.9103833035288849,
            -1.4360594939837947,
            0.8799829539838344,
            0.5566381724074668,
            1.207151235597185,
            1.1820580823747364,
            0.3689625503765183,
            -0.1303335880225884,
            -0.6874454878808987,
            0.5434813631993549,
            -0.48641261024920013,
            -0.07518177098244937,
            -0.09809100630651982,
            0.1837182511646016,
            -0.6361381768165525,
            -0.6284499745132244,
            -0.31514608090137297,
            -0.07203487497218462,
            0.2014919869140547,
            -0.25124825813014934,
            -0.8563082777646627,
            0.80852639842654,
            0.9013789690222703,
            -0.053144103717678255,
            -0.17090960384619933,
            -0.3305359054818235,
            -1.8706864209461969,
            -0.8741731640123466,
            -0.5298669901653732,
            0.3942468161964017,
            -0.14038079665083403,
            0.6623407362355994,
            0.014528356113474033,
            1.1809701498606506,
            -0.218683805809547,
            -0.5089142029049395,
            0.4571379465024676,
            0.6864893523064449,
            1.3624671249049283,
            0.3237705706962828,
            0.5547821919258034,
            -0.007429784874650497,
            0.1748448511012336,
            1.011589298839863,
