{
    "type": "svm_sgd",
    "dim": 11,
    "weights": [
        [
            -0.5988023952095808,
            1.5968063872255496,
            -0.8982035928143713,
            -1.1976047904191616,
            1.59680638722555,
            -0.29940119760479034,
            -0.6986027944111775,
            0.7984031936127742,
            1.1976047904191622,
            -1.0978043912175648,
            0.09980039920159671
        ],
        [
            0.5988023952095808,
            -1.5968063872255496,
            0.8982035928143713,
            1.1976047904191616,
            -1.59680638722555,
            0.29940119760479034,
            0.6986027944111775,
            -0.7984031936127742,
            -1.1976047904191622,
            1.0978043912175648,
            -0.09980039920159671
        ]
    ],
    "bias_index": 10,
    "lambda": 0.0001,
    "epochs": 20,
    "eta0": 0.1,
    "goal_column": "5_play",
    "classes": [
        "11_yes",
        "12_no"
    ],
    "num_classes": 2,
    "label_map": {
        "+1": "11_yes",
        "-1": "12_no"
    },
    "feature_index": {
        "CAT::1_outlook::1_sunny": 0,
        "CAT::1_outlook::2_cloudy": 1,
        "CAT::1_outlook::3_rainy": 2,
        "CAT::2_temperature::4_hot": 3,
        "CAT::2_temperature::5_mild": 4,
        "CAT::2_temperature::6_cool": 5,
        "CAT::3_humidity::7_high": 6,
        "CAT::3_humidity::8_normal": 7,
        "CAT::4_windy::10_false": 8,
        "CAT::4_windy::9_true": 9
    },
    "numeric_minmax": [],
    "kernel": "sgd",
    "kernel_meta": {
        "type": "sgd"
    }
}