{
    "type": "svm_sgd",
    "dim": 129,
    "weights": [
        [
            0.7421484622034354,
            0.06672509850917985,
            -0.13392523652454588,
            0.6820868366475604,
            -1.0056500994528865,
            0.11741908229395197,
            -0.24164442754237703,
            -0.1378740689394426,
            -0.20569380937979592,
            0.1561865814848644,
            0.3128175038667591,
            -0.579558992597334,
            -0.9264700849272598,
            -0.8438767614176691,
            0.9630892399624369,
            -1.0225143278926074,
            -0.16118188951804716,
            0.03114035395278773,
            -1.12806038204689,
            -1.043427432538254,
            -0.32532238162171495,
            0.7204453372770293,
            -0.455676815656974,
            -0.3955338412691371,
            -1.7804915906457237,
            0.23779470007712405,
            -0.5126214341947225,
            -0.5188506902651536,
            -0.7016954888024983,
            0.8044249507153945,
            0.02742710338089039,
            0.030626425641188535,
            0.12804524298072611,
            0.19985993636065782,
            1.4163543393736522,
            0.17188179404013798,
            0.2983674127888663,
            -0.654881242873424,
            -2.268828928562505,
            1.2445737856220334,
            0.3650960435403778,
            0.014499632948434475,
            1.2397130378316925,
            -0.026914024080561913,
            -0.16907102023508966,
            -0.850141519287842,
            0.6263597767439579,
            -0.6190822879087707,
            1.0533787983775929,
            -1.0323033165738575,
            0.7657329463825354,
            0.8708666154717194,
            -0.6806832860484844,
            -0.09097853932406949,
            -1.210934033149202,
            -1.0914817673146124,
            1.1313671168082011,
            1.5344538887514443,
            -1.622413666685163,
            -0.07376848457582166,
            -0.06381412834861099,
            -0.22344739009084605,
            0.16405474079692456,
            1.0995942142072492,
            -0.05430177558899023,
            -0.18503111552373752,
            -0.42942248720849663,
            -0.1660578708001652,
            -0.8094052793391424,
            -0.19900994308464295,
            0.28995723547971314,
            0.11510262616677923,
            -0.5171784478079976,
            0.5766254013945041,
            0.9374037046271859,
            -0.9978960121603109,
            -0.2331741839438064,
            -0.2103722579370087,
            -1.0358685820411926,
            0.9527321777804548,
            -0.9770776403697319,
            0.5049330000359603,
            -1.2772171073574563,
            0.5514516747583142,
            -0.9362146254490387,
            -0.5912227582984483,
            1.4725638368781824,
            0.43160183410342623,
            -0.5407991120216162,
            -1.7436892025299908,
            -1.1429910551211884,
            1.9975283648529998,
            0.5805650084048187,
            -1.3365552287469011,
            0.10891076273763872,
            -1.1093662351952178,
            -0.2610389112091945,
            0.0689414888527115,
            0.7052769458943469,
            0.159127254767048,
            1.208857752226932,
            0.9235921077410632,
            0.3390024189364505,
            0.1471152025357698,
            0.44274563170335035,
            -1.24838202960581,
            0.9224265428486611,
            -0.1071861463516991,
            -0.736797729967793,
            -0.051932806980608204,
            -1.0218024921069169,
            -1.0824749679996772,
            -0.4612077189073381,
            -0.26002372534267326,
            -1.1561094633210576,
            -0.9232004992113761,
            -0.2710929340081671,
            1.5393189757090666,
            1.057272911320069,
            3.0800122272506605,
            -0.699970355236968,
            0.5626249980343584,
            -0.20451342849312412,
            0.24746938674079497,
            0.2439282215762729,
            0.3796646760392461,
            -0.7276091585140463,
            -0.49359855976139644,
            1.3770491803278733
        ],
        [
            -0.7421484622034354,
            -0.06672509850917985,
            0.13392523652454588,
            -0.6820868366475604,
            1.0056500994528865,
            -0.11741908229395197,
            0.24164442754237703,
            0.1378740689394426,
            0.20569380937979592,
            -0.1561865814848644,
            -0.3128175038667591,
            0.579558992597334,
            0.9264700849272598,
            0.8438767614176691,
            -0.9630892399624369,
            1.0225143278926074,
            0.16118188951804716,
            -0.03114035395278773,
            1.12806038204689,
            1.043427432538254,
            0.32532238162171495,
            -0.7204453372770293,
            0.455676815656974,
            0.3955338412691371,
            1.7804915906457237,
            -0.23779470007712405,
            0.5126214341947225,
            0.5188506902651536,
            0.7016954888024983,
            -0.8044249507153945,
            -0.02742710338089039,
            -0.030626425641188535,
            -0.12804524298072611,
            -0.19985993636065782,
            -1.4163543393736522,
            -0.17188179404013798,
            -0.2983674127888663,
            0.654881242873424,
            2.268828928562505,
            -1.2445737856220334,
            -0.3650960435403778,
            -0.014499632948434475,
            -1.2397130378316925,
            0.026914024080561913,
            0.16907102023508966,
            0.850141519287842,
            -0.6263597767439579,
            0.6190822879087707,
            -1.0533787983775929,
            1.0323033165738575,
            -0.7657329463825354,
            -0.8708666154717194,
            0.6806832860484844,
            0.09097853932406949,
            1.210934033149202,
            1.0914817673146124,
            -1.1313671168082011,
            -1.5344538887514443,
            1.622413666685163,
            0.07376848457582166,
            0.06381412834861099,
            0.22344739009084605,
            -0.16405474079692456,
            -1.0995942142072492,
            0.05430177558899023,
            0.18503111552373752,
            0.42942248720849663,
            0.1660578708001652,
            0.8094052793391424,
            0.19900994308464295,
            -0.28995723547971314,
            -0.11510262616677923,
            0.5171784478079976,
            -0.5766254013945041,
            -0.9374037046271859,
            0.9978960121603109,
            0.2331741839438064,
            0.2103722579370087,
            1.0358685820411926,
            -0.9527321777804548,
            0.9770776403697319,
            -0.5049330000359603,
            1.2772171073574563,
            -0.5514516747583142,
            0.9362146254490387,
            0.5912227582984483,
            -1.4725638368781824,
            -0.43160183410342623,
            0.5407991120216162,
            1.7436892025299908,
            1.1429910551211884,
            -1.9975283648529998,
            -0.5805650084048187,
            1.3365552287469011,
            -0.10891076273763872,
            1.1093662351952178,
            0.2610389112091945,
            -0.0689414888527115,
            -0.7052769458943469,
            -0.159127254767048,
            -1.208857752226932,
            -0.9235921077410632,
            -0.3390024189364505,
            -0.1471152025357698,
            -0.44274563170335035,
            1.24838202960581,
            -0.9224265428486611,
            0.1071861463516991,
            0.736797729967793,
            0.051932806980608204,
            1.0218024921069169,
            1.0824749679996772,
            0.4612077189073381,
