{
    "type": "svm_sgd",
    "dim": 31,
    "weights": [
        [
            0.18852459016393514,
            0.12295081967213357,
            0.14754098360655854,
            -0.7540983606557063,
            0.13934426229507857,
            -0.4999999999999899,
            0.6229508196720996,
            0.7377049180327868,
            -0.8852459016393174,
            0.6475409836065336,
            0.4508196721311428,
            0.41803278688522577,
            0.04098360655737226,
            0.5245901639344313,
            -0.06557377049180182,
            0.09016393442623696,
            0.3114754098360608,
            -0.02459016393442749,
            -0.01639344262295026,
            -0.00819672131147274,
            0.10655737704917752,
            0.2295081967213026,
            0.22131147540984,
            -0.33606557377050633,
            0.3442622950819775,
            -0.2868852459016415,
            1.6885245901639823,
            -0.9426229508196802,
            0.926229508196714,
            -0.4672131147540592,
            0.45901639344261297
        ],
        [
            -0.18852459016393514,
            -0.12295081967213357,
            -0.14754098360655854,
            0.7540983606557063,
            -0.13934426229507857,
            0.4999999999999899,
            -0.6229508196720996,
            -0.7377049180327868,
            0.8852459016393174,
            -0.6475409836065336,
            -0.4508196721311428,
            -0.41803278688522577,
            -0.04098360655737226,
            -0.5245901639344313,
            0.06557377049180182,
            -0.09016393442623696,
            -0.3114754098360608,
            0.02459016393442749,
            0.01639344262295026,
            0.00819672131147274,
            -0.10655737704917752,
            -0.2295081967213026,
            -0.22131147540984,
            0.33606557377050633,
            -0.3442622950819775,
            0.2868852459016415,
            -1.6885245901639823,
            0.9426229508196802,
            -0.926229508196714,
            0.4672131147540592,
            -0.45901639344261297
        ]
    ],
    "bias_index": 30,
    "lambda": 0.0001,
    "epochs": 20,
    "eta0": 0.1,
    "goal_column": "119_diabetes",
    "classes": [
        "329_0",
        "330_1"
    ],
    "num_classes": 2,
    "label_map": {
        "+1": "329_0",
        "-1": "330_1"
    },
    "feature_index": {
        "CAT::111_gender::299_Female": 0,
        "CAT::111_gender::300_Male": 1,
        "CAT::111_gender::301_Other": 2,
        "CAT::112_age::302_6": 3,
        "CAT::112_age::308_4": 4,
        "CAT::112_age::305_5": 5,
        "CAT::112_age::307_2": 6,
        "CAT::112_age::306_1": 7,
        "CAT::112_age::303_7": 8,
        "CAT::112_age::304_3": 9,
        "CAT::112_age::309_0": 10,
        "CAT::113_hypertension::311_0": 11,
        "CAT::113_hypertension::310_1": 12,
        "CAT::114_heart_disease::312_0": 13,
        "CAT::114_heart_disease::313_1": 14,
        "CAT::115_smoking_history::316_never": 15,
        "CAT::115_smoking_history::317_No Info": 16,
        "CAT::115_smoking_history::318_current": 17,
        "CAT::115_smoking_history::314_not current": 18,
        "CAT::115_smoking_history::315_former": 19,
        "CAT::115_smoking_history::319_ever": 20,
        "CAT::116_bmi::321_1": 21,
        "CAT::116_bmi::322_2": 22,
        "CAT::116_bmi::320_3": 23,
        "CAT::116_bmi::323_0": 24,
        "CAT::117_HbA1c_level::324_1": 25,
        "CAT::117_HbA1c_level::326_0": 26,
        "CAT::117_HbA1c_level::325_2": 27,
        "CAT::118_blood_glucose_level::327_0": 28,
        "CAT::118_blood_glucose_level::328_2": 29
    },
    "numeric_minmax": [],
    "kernel": "sgd",
    "kernel_meta": {
        "type": "sgd"
    }
}