{
    "type": "svm_sgd",
    "dim": 129,
    "weights": [
        [
            -0.4600072485228024,
            -0.5607396923424618,
            0.1002875210007548,
            0.3086651392274565,
            0.3486492109572199,
            -0.9151580735121259,
            1.922024565356583,
            0.6345406363217451,
            -0.3555937330748943,
            0.29153843716193906,
            -1.6340095150285816,
            -0.3457981235956419,
            -1.5174114109691375,
            -0.3804434806395581,
            0.10836546839192328,
            2.544650126216609,
            -0.1518530170700588,
            -0.8528775306502794,
            -0.43787711553761555,
            -0.1068860730801455,
            0.17390956735106683,
            0.305104978728904,
            -0.6185404172649976,
            0.3982420678786857,
            -0.08530037716483636,
            -0.15505061733379003,
            0.6526748703665145,
            -0.37609982332257363,
            -0.6466708105382175,
            -0.3571340137481135,
            0.17919731070416567,
            -0.6788679886428786,
            0.04651092694021545,
            0.11029938777718219,
            0.8725023918022227,
            0.6387372928120515,
            -0.8338205918560033,
            0.40055778541283377,
            0.43480329456700645,
            0.23279990430264547,
            0.36327621462392473,
            -0.2788527720873926,
            0.5478776695207022,
            0.6012838723042808,
            -0.29483646178585793,
            0.10237589593748019,
            1.3453700784165452,
            1.0778700575303442,
            0.8989629065853104,
            -1.1001494821080346,
            0.8158606830983783,
            -0.6247562088709518,
            -0.18198639203711262,
            0.09928943077127028,
            0.03630235921251602,
            0.5350031551195006,
            0.11857241398540547,
            -0.7565378888156113,
            -0.006000113309996768,
            -0.1258276774034559,
            0.17418549824558613,
            -0.2344133746317388,
            0.6087534071589137,
            0.05173376232404698,
            0.33507745706636,
            0.2060624443136463,
            0.3956078245668965,
            -0.7961118431124488,
            -0.06173913258557829,
            -0.016379218067744703,
            0.4084888195711518,
            -0.07011552978491734,
            0.6310260422064651,
            -0.4779394443647464,
            -0.1834285405697311,
            0.2710792739013552,
            0.19148972179242277,
            1.753108631187663,
            0.3747284638191784,
            0.2555211855973547,
            -1.8277147026491816,
            0.7814906887361378,
            -0.9124942869038448,
            0.8554818834248691,
            -1.6693177340880985,
            -0.7842587481827992,
            1.5756239638820235,
            0.8452843686407171,
            -1.4722421771275336,
            -0.09389378579100575,
            -0.05734925822462974,
            -1.1992662250097035,
            0.20372585457574613,
            0.332525207370026,
            0.2603961976859669,
            0.30253550062832235,
            0.10873518974405204,
            -0.42037045781484467,
            -0.660389757189851,
            -0.27020852431637726,
            -0.16109771824554953,
            -0.37302843789784235,
            -1.4315061445641426,
            -0.7206911170333407,
            -0.7780194221617966,
            0.4306942128589492,
            0.17730898842266102,
            -0.7240549920161464,
            0.0020641585842123386,
            0.039414085084369235,
            -0.24720967501981964,
            1.4778068617981834,
            -0.21062001669259015,
            0.27099514960103266,
            -0.10398844711350874,
            -0.4779149000676467,
            -0.4693258875401239,
            -0.159001361728667,
            -0.019656271690002395,
            -0.7097700104248686,
            -0.173102405108529,
            -0.5399820552594721,
            0.07377618550393283,
            -0.12187882916578269,
            0.3003281829809781,
            -0.22896475958253712,
            -0.33042493577266724,
            0.4747945757624982,
            0.9098360655737994
        ],
        [
            0.4600072485228024,
            0.5607396923424618,
            -0.1002875210007548,
            -0.3086651392274565,
            -0.3486492109572199,
            0.9151580735121259,
            -1.922024565356583,
            -0.6345406363217451,
            0.3555937330748943,
            -0.29153843716193906,
            1.6340095150285816,
            0.3457981235956419,
            1.5174114109691375,
            0.3804434806395581,
            -0.10836546839192328,
            -2.544650126216609,
            0.1518530170700588,
            0.8528775306502794,
            0.43787711553761555,
            0.1068860730801455,
            -0.17390956735106683,
            -0.305104978728904,
            0.6185404172649976,
            -0.3982420678786857,
            0.08530037716483636,
            0.15505061733379003,
            -0.6526748703665145,
            0.37609982332257363,
            0.6466708105382175,
            0.3571340137481135,
            -0.17919731070416567,
            0.6788679886428786,
            -0.04651092694021545,
            -0.11029938777718219,
            -0.8725023918022227,
            -0.6387372928120515,
            0.8338205918560033,
            -0.40055778541283377,
            -0.43480329456700645,
            -0.23279990430264547,
            -0.36327621462392473,
            0.2788527720873926,
            -0.5478776695207022,
            -0.6012838723042808,
            0.29483646178585793,
            -0.10237589593748019,
            -1.3453700784165452,
            -1.0778700575303442,
            -0.8989629065853104,
            1.1001494821080346,
            -0.8158606830983783,
            0.6247562088709518,
            0.18198639203711262,
            -0.09928943077127028,
            -0.03630235921251602,
            -0.5350031551195006,
            -0.11857241398540547,
            0.7565378888156113,
            0.006000113309996768,
            0.1258276774034559,
            -0.17418549824558613,
            0.2344133746317388,
            -0.6087534071589137,
            -0.05173376232404698,
            -0.33507745706636,
            -0.2060624443136463,
            -0.3956078245668965,
            0.7961118431124488,
            0.06173913258557829,
            0.016379218067744703,
            -0.4084888195711518,
            0.07011552978491734,
            -0.6310260422064651,
            0.4779394443647464,
            0.1834285405697311,
            -0.2710792739013552,
            -0.19148972179242277,
            -1.753108631187663,
            -0.3747284638191784,
            -0.2555211855973547,
            1.8277147026491816,
            -0.7814906887361378,
            0.9124942869038448,
            -0.8554818834248691,
            1.6693177340880985,
            0.7842587481827992,
            -1.5756239638820235,
            -0.8452843686407171,
            1.4722421771275336,
            0.09389378579100575,
            0.05734925822462974,
            1.1992662250097035,
            -0.20372585457574613,
            -0.332525207370026,
            -0.2603961976859669,
            -0.30253550062832235,
            -0.10873518974405204,
            0.42037045781484467,
            0.660389757189851,
            0.27020852431637726,
            0.16109771824554953,
            0.37302843789784235,
            1.4315061445641426,
            0.7206911170333407,
            0.7780194221617966,
            -0.4306942128589492,
            -0.17730898842266102,
            0.7240549920161464,
            -0.0020641585842123386,
            -0.039414085084369235,
            0.24720967501981964,
