{
    "type": "svm_sgd",
    "dim": 29,
    "weights": [
        [
            0.09990009990009989,
            -0.1998001998001998,
            -0.09990009990009989,
            -0.09990009990009989,
            0.3996003996003996,
            -0.1998001998001998,
            -0.09990009990009989,
            -0.29970029970029965,
            -0.09990009990009989,
            -1.386614211175196e-17,
            0.0,
            -0.29970029970029965,
            -1.386614211175196e-17,
            -0.1998001998001998,
            -0.09990009990009989,
            0.09990009990009989,
            -0.1998001998001998,
            -0.09990009990009989,
            -0.09990009990009989,
            0.3996003996003996,
            -0.29970029970029965,
            -0.09990009990009989,
            -0.09990009990009989,
            -0.1998001998001998,
            0.3996003996003996,
            -0.1998001998001998,
            -0.3996003996003996,
            -0.09990009990009989,
            -0.29970029970029954
        ],
        [
            -0.19980019980019983,
            -0.0999000999000999,
            -0.09990009990009989,
            -0.09990009990009989,
            -0.0999000999000999,
            -0.0999000999000999,
            -0.09990009990009989,
            -0.09990009990009992,
            -0.09990009990009989,
            -0.29970029970029965,
            0.0,
            -0.1998001998001998,
            -0.29970029970029965,
            -0.0999000999000999,
            -0.09990009990009989,
            -0.19980019980019983,
            -0.0999000999000999,
            -0.09990009990009989,
            -0.09990009990009989,
            -0.0999000999000999,
            -0.09990009990009992,
            -0.09990009990009989,
            -0.09990009990009989,
            -0.0999000999000999,
            -0.0999000999000999,
            -0.0999000999000999,
            -0.1998001998001998,
            -0.09990009990009989,
            -0.49950049950049935
        ],
        [
            -0.3996003996003997,
            -0.0999000999000999,
            0.3996003996003997,
            -0.1998001998001998,
            -0.0999000999000999,
            -0.0999000999000999,
            0.3996003996003997,
            -0.2997002997002996,
            -0.1998001998001998,
            -6.933348334353655e-17,
            0.0,
            -0.29970029970029965,
            -6.933348334353655e-17,
            -0.0999000999000999,
            -0.1998001998001998,
            -0.3996003996003997,
            -0.0999000999000999,
            0.3996003996003997,
            -0.1998001998001998,
            -0.0999000999000999,
            -0.2997002997002996,
            0.3996003996003997,
            -0.1998001998001998,
            -0.0999000999000999,
            -0.0999000999000999,
            -0.0999000999000999,
            0.09990009990009989,
            -0.1998001998001998,
            -0.29970029970029965
        ],
        [
            0.19980019980019992,
            -0.19980019980019983,
            -0.29970029970029965,
            -0.09990009990009989,
            -0.3996003996003997,
            -0.19980019980019983,
            -0.29970029970029965,
            0.5994005994005994,
            -0.09990009990009989,
            -0.09990009990009989,
            0.0,
            -0.29970029970029965,
            -0.09990009990009989,
            -0.19980019980019983,
            -0.09990009990009989,
            0.19980019980019992,
            -0.19980019980019983,
            -0.29970029970029965,
            -0.09990009990009989,
            -0.3996003996003997,
            0.5994005994005994,
            -0.29970029970029965,
            -0.09990009990009989,
            -0.19980019980019983,
            -0.3996003996003997,
            -0.19980019980019983,
            0.2997002997002997,
            -0.09990009990009989,
            -0.3996003996003998
        ],
        [
            -0.19980019980019983,
            -0.1998001998001998,
            -0.09990009990009989,
            0.29970029970029965,
            -0.0999000999000999,
            -0.1998001998001998,
            -0.09990009990009989,
            -0.09990009990009992,
            0.29970029970029965,
            -0.29970029970029965,
            0.0,
            0.0999000999000999,
            -0.29970029970029965,
            -0.1998001998001998,
            0.29970029970029965,
            -0.19980019980019983,
            -0.1998001998001998,
            -0.09990009990009989,
            0.29970029970029965,
            -0.0999000999000999,
            -0.09990009990009992,
            -0.09990009990009989,
            0.29970029970029965,
            -0.1998001998001998,
            -0.0999000999000999,
            -0.1998001998001998,
            -0.1998001998001998,
            0.29970029970029965,
            -0.19980019980019975
        ],
        [
            -0.19980019980019983,
            0.29970029970029965,
            -0.09990009990009989,
            -0.19980019980019978,
            -0.0999000999000999,
            0.29970029970029965,
            -0.09990009990009989,
            -0.09990009990009992,
            -0.19980019980019978,
            -0.29970029970029965,
            0.0,
            0.09990009990009992,
            -0.29970029970029965,
            0.29970029970029965,
            -0.19980019980019978,
            -0.19980019980019983,
            0.29970029970029965,
            -0.09990009990009989,
            -0.19980019980019978,
            -0.0999000999000999,
            -0.09990009990009992,
            -0.09990009990009989,
            -0.19980019980019978,
            0.29970029970029965,
            -0.0999000999000999,
            0.29970029970029965,
            -0.1998001998001998,
            -0.19980019980019978,
            -0.19980019980019975
        ]
    ],
    "bias_index": 28,
    "lambda": 0.0001,
    "epochs": 20,
    "eta0": 0.1,
    "goal_column": "210_Rekomendasi_Jurusan",
    "classes": [
        "370_Informatika / Ilmu Komputer",
        "371_Sistem Informasi",
        "372_Teknik Komputer",
        "373_Teknologi Informasi",
        "374_Desain Komunikasi Visual (fokus UI/UX)",
        "375_Bisnis Digital"
    ],
    "num_classes": 6,
    "label_map": {
        "+1": "370_Informatika / Ilmu Komputer",
        "-1": "371_Sistem Informasi"
    },
    "feature_index": {
        "CAT::203_Minat_Utama::338_Programming / ngoding": 0,
        "CAT::203_Minat_Utama::340_Bisnis & manajemen": 1,
        "CAT::203_Minat_Utama::341_Jaringan & infrastruktur": 2,
        "CAT::203_Minat_Utama::339_Desain visual & tampilan": 3,
        "CAT::204_Matkul_Terkuat::343_Matematika": 4,
        "CAT::204_Matkul_Terkuat::345_Ekonomi / Akuntansi": 5,
        "CAT::204_Matkul_Terkuat::344_Fisika": 6,
        "CAT::204_Matkul_Terkuat::348_Informatika / TIK": 7,
        "CAT::204_Matkul_Terkuat::346_Seni / Desain": 8,
        "CAT::205_Gaya_Belajar::349_Suka praktik teknis / ngoprek": 9,
        "CAT::205_Gaya_Belajar::351_Suka kerja proyek tim": 10,
        "CAT::205_Gaya_Belajar::352_Suka eksplor ide kreatif / desain": 11,
        "CAT::206_Toleransi_Mtk::353_Sangat tinggi (suka matematika)": 12,
        "CAT::206_Toleransi_Mtk::354_Cukup (nggak suka banget, tapi oke)": 13,
        "CAT::206_Toleransi_Mtk::355_Rendah (cepat pusing kalau kebanyakan rumus)": 14,
        "CAT::207_Prefensi_Pekerjaan::356_Di balik layar ngoding (backend / sistem)": 15,
        "CAT::207_Prefensi_Pekerjaan::358_Campuran teknis & bisnis (BA, PM, produk)": 16,
        "CAT::207_Prefensi_Pekerjaan::359_Mengelola sistem & jaringan (admin jaringan, infra)": 17,
        "CAT::207_Prefensi_Pekerjaan::357_Di depan user (UI/UX, analyst, komunikasi)": 18,
        "CAT::208_Orientasi_Karir::360_Software engineer / developer": 19,
        "CAT::208_Orientasi_Karir::363_IT business analyst / product manager": 20,