{
    "type": "svm_sgd",
    "dim": 129,
    "weights": [
        [
            0.7200479198406392,
            0.1861788205415013,
            0.031345234928915604,
            0.6867742343673672,
            -1.0320581197884864,
            -0.02741248919102835,
            0.00656813712608596,
            -0.28804330644167614,
            -0.14693258832162495,
            0.14175297565212527,
            0.17201127430263247,
            -0.7578660964094903,
            -0.8977557015531805,
            -0.8588219855375531,
            0.7818048193898158,
            -0.9440384968877693,
            -0.19950151083554335,
            0.09128981046171708,
            -0.9515615413943217,
            -0.7913928463161852,
            -0.1776686807067303,
            0.7665824414385531,
            -0.3510364112128283,
            -0.49915764070382995,
            -1.5985416428514092,
            0.2831987954072304,
            -0.41664342712442687,
            -0.4860411819039348,
            -0.6475706185296518,
            0.9391678550806913,
            0.23367858292960816,
            0.1058598141017901,
            0.07490882044507004,
            0.2813622047966293,
            1.1423085577979344,
            0.07430369077683252,
            0.40815182039615727,
            -0.6019533909956047,
            -2.2613098504134683,
            1.167244582573182,
            0.3312088845375183,
            0.06837499584480862,
            1.1121383239860474,
            -0.09095417672920379,
            -0.15071772169614428,
            -0.8832817771924404,
            0.7155455864805297,
            -0.6435025499111091,
            1.0182951674440852,
            -1.0020612412915375,
            0.8127074368491362,
            0.7880895729567888,
            -0.7419456835389925,
            -0.13509609060566283,
            -1.336182849968426,
            -1.2864377198135912,
            1.124522852338397,
            1.3927455703141087,
            -1.524592472304304,
            -0.2307888598692648,
            -0.06327474921749984,
            -0.3766745932011006,
            0.1424208391041838,
            1.0588728966535057,
            -0.14370479340798192,
            -0.0343750180792137,
            -0.5735499274494742,
            -0.1378686724542061,
            -1.0322802147144923,
            -0.04024947042422544,
            0.342766881269321,
            0.08946317994655636,
            -0.5003024474178072,
            0.6668486711707475,
            0.842861989985608,
            -0.9187594917550295,
            -0.39022672132288566,
            -0.2104575024474722,
            -1.083511638449386,
            0.9508323550975794,
            -1.1805458472250034,
            0.5274809704044049,
            -1.1673323678920435,
            0.7276447584361154,
            -0.7784273418898455,
            -0.6898584763008335,
            1.288870806608415,
            0.32595084953087294,
            -0.5157841306744213,
            -1.9980169923829956,
            -1.0089415937823405,
            1.887161803159998,
            0.5535898857965192,
            -1.2270952000489217,
            0.1403728400999638,
            -1.027326389404983,
            -0.14525269324853432,
            0.0743626491436557,
            0.46121424122489973,
            0.31171806680566916,
            1.2557316899968305,
            0.6954480575496899,
            0.24818858189229884,
            0.028063460227420796,
            0.5257616844981504,
            -1.3323909919715016,
            0.859384071547344,
            -0.306866544619175,
            -0.7083795348178139,
            -0.11552801956530302,
            -1.0899899719874215,
            -0.96017152409811,
            -0.322984646855437,
            -0.20259545938052997,
            -1.1355336824028996,
            -1.094449624055328,
            -0.22238309009333673,
            1.1933610636872596,
            1.1046898079260312,
            3.1280313063746945,
            -0.6978287965799692,
            0.5590605935753983,
            -0.3207731001933586,
            0.0006108610083380339,
            0.2886874880905934,
            0.19543196172717206,
            -0.80046946811262,
            -0.41283052648149693,
            1.2950819672131157
        ],
        [
            -0.7200479198406392,
            -0.1861788205415013,
            -0.031345234928915604,
            -0.6867742343673672,
            1.0320581197884864,
            0.02741248919102835,
            -0.00656813712608596,
            0.28804330644167614,
            0.14693258832162495,
            -0.14175297565212527,
            -0.17201127430263247,
            0.7578660964094903,
            0.8977557015531805,
            0.8588219855375531,
            -0.7818048193898158,
            0.9440384968877693,
            0.19950151083554335,
            -0.09128981046171708,
            0.9515615413943217,
            0.7913928463161852,
            0.1776686807067303,
            -0.7665824414385531,
            0.3510364112128283,
            0.49915764070382995,
            1.5985416428514092,
            -0.2831987954072304,
            0.41664342712442687,
            0.4860411819039348,
            0.6475706185296518,
            -0.9391678550806913,
            -0.23367858292960816,
            -0.1058598141017901,
            -0.07490882044507004,
            -0.2813622047966293,
            -1.1423085577979344,
            -0.07430369077683252,
            -0.40815182039615727,
            0.6019533909956047,
            2.2613098504134683,
            -1.167244582573182,
            -0.3312088845375183,
            -0.06837499584480862,
            -1.1121383239860474,
            0.09095417672920379,
            0.15071772169614428,
            0.8832817771924404,
            -0.7155455864805297,
            0.6435025499111091,
            -1.0182951674440852,
            1.0020612412915375,
            -0.8127074368491362,
            -0.7880895729567888,
            0.7419456835389925,
            0.13509609060566283,
            1.336182849968426,
            1.2864377198135912,
            -1.124522852338397,
            -1.3927455703141087,
            1.524592472304304,
            0.2307888598692648,
            0.06327474921749984,
            0.3766745932011006,
            -0.1424208391041838,
            -1.0588728966535057,
            0.14370479340798192,
            0.0343750180792137,
            0.5735499274494742,
            0.1378686724542061,
            1.0322802147144923,
            0.04024947042422544,
            -0.342766881269321,
            -0.08946317994655636,
            0.5003024474178072,
            -0.6668486711707475,
            -0.842861989985608,
            0.9187594917550295,
            0.39022672132288566,
            0.2104575024474722,
            1.083511638449386,
            -0.9508323550975794,
            1.1805458472250034,
            -0.5274809704044049,
            1.1673323678920435,
            -0.7276447584361154,
            0.7784273418898455,
            0.6898584763008335,
            -1.288870806608415,
            -0.32595084953087294,
            0.5157841306744213,
            1.9980169923829956,
            1.0089415937823405,
            -1.887161803159998,
            -0.5535898857965192,
            1.2270952000489217,
            -0.1403728400999638,
            1.027326389404983,
            0.14525269324853432,
            -0.0743626491436557,
            -0.46121424122489973,
            -0.31171806680566916,
            -1.2557316899968305,
            -0.6954480575496899,
            -0.24818858189229884,
            -0.028063460227420796,
            -0.5257616844981504,
            1.3323909919715016,
            -0.859384071547344,
            0.306866544619175,
            0.7083795348178139,
            0.11552801956530302,
            1.0899899719874215,
            0.96017152409811,
            0.322984646855437,
