{
    "type": "svm_sgd",
    "dim": 129,
    "weights": [
        [
            -1.6253919187190031,
            1.8656803966442779,
            3.939135331105618,
            -0.7792120555590423,
            0.6840165061180277,
            0.026416153616568145,
            0.4048870341195937,
            -3.1361983965297204,
            0.11953289490076298,
            0.3127139268735429,
            -1.490788428267614,
            -0.8695248153740749,
            1.6502894109624515,
            0.004395659411472748,
            1.4184269896380615,
            -0.928427565421525,
            2.8492591062842014,
            0.5001974678571119,
            2.270520083937257,
            0.6290105359171754,
            1.88950931040173,
            0.4892912280867757,
            1.3431628039586139,
            0.6866330131397941,
            1.6479043738255272,
            -1.5596429911221437,
            0.1520985134480659,
            -0.9178972667408155,
            -2.260032841299255,
            0.21526308522884458,
            0.4452561313958104,
            1.8995669760197587,
            -1.6631007348628466,
            0.8257174999290526,
            1.2991683015829267,
            1.7966939469334287,
            0.9387042999974694,
            -2.4582391832657406,
            -1.3144226810342994,
            -0.2704621147619726,
            -0.4131101641722242,
            -1.4843999065585054,
            0.4849415279996084,
            0.43861266113905223,
            -2.9067644326662117,
            0.16661898809667172,
            -2.9022709242758697,
            -0.3536937733898096,
            -1.9631802843112665,
            -0.2888364616089762,
            1.7809666678363292,
            3.1242147601266796,
            0.9608383965434725,
            0.8707947150353649,
            -1.1824940830601052,
            -0.43596803928503186,
            -1.046063884256661,
            1.7124534336882367,
            0.0533214093784156,
            -2.2323512366004317,
            -1.2913705408853442,
            -1.4046797161408662,
            0.7218837502156916,
            0.5958309701184624,
            -1.7357407921726928,
            0.9583573676845759,
            3.197175141333902,
            -1.9431881684167283,
            0.11936454974973218,
            -0.9252770003566057,
            2.903500214314745,
            -0.47804616169038777,
            -1.6945946537729506,
            1.0869431882029403,
            -5.003506857766844,
            -0.8076716680873466,
            0.8388169701582638,
            -3.3856254137542816,
            -2.2142599522914357,
            0.2573402198907825,
            -0.5845666255479571,
            2.3470866521089495,
            2.4939199726030536,
            0.9366762833220451,
            -0.1551632780613456,
            0.27951590206024024,
            -1.1465025393599086,
            -0.9820762409627795,
            1.6055783939306612,
            0.042210982671858965,
            -1.5309547060186046,
            -1.325163761386023,
            -0.5981980092183568,
            1.9078359567020529,
            0.5014276700980108,
            -1.1714586760519137,
            -2.875827058504403,
            -1.6225357942965124,
            0.4416263994695111,
            -0.7144149378518994,
            1.9590417064283463,
            2.184300248262682,
            0.07563473424888809,
            -0.7050242497955685,
            1.4022008000402806,
            -0.541340553416421,
            -2.0640515149256853,
            -0.29386025284090417,
            2.8109301739984414,
            0.6360635996003493,
            -2.1322246218196326,
            0.9166525518608927,
            1.0065530192132868,
            -0.6273185912551074,
            -1.6545605821181009,
            0.008266418758817853,
            -2.0761155375127465,
            -0.12140127008190404,
            -0.517787186033556,
            -1.297141307580076,
            1.371130673495302,
            3.12378326266889,
            -1.728163798539679,
            -0.4359782150586336,
            -0.7499449136140143,
            1.5947693591903573,
            -0.014874632378854918,
            0.29367862840662134,
            0.6448492664839618
        ],
        [
            1.6253919187190031,
            -1.8656803966442779,
            -3.939135331105618,
            0.7792120555590423,
            -0.6840165061180277,
            -0.026416153616568145,
            -0.4048870341195937,
            3.1361983965297204,
            -0.11953289490076298,
            -0.3127139268735429,
            1.490788428267614,
            0.8695248153740749,
            -1.6502894109624515,
            -0.004395659411472748,
            -1.4184269896380615,
            0.928427565421525,
            -2.8492591062842014,
            -0.5001974678571119,
            -2.270520083937257,
            -0.6290105359171754,
            -1.88950931040173,
            -0.4892912280867757,
            -1.3431628039586139,
            -0.6866330131397941,
            -1.6479043738255272,
            1.5596429911221437,
            -0.1520985134480659,
            0.9178972667408155,
            2.260032841299255,
            -0.21526308522884458,
            -0.4452561313958104,
            -1.8995669760197587,
            1.6631007348628466,
            -0.8257174999290526,
            -1.2991683015829267,
            -1.7966939469334287,
            -0.9387042999974694,
            2.4582391832657406,
            1.3144226810342994,
            0.2704621147619726,
            0.4131101641722242,
            1.4843999065585054,
            -0.4849415279996084,
            -0.43861266113905223,
            2.9067644326662117,
            -0.16661898809667172,
            2.9022709242758697,
            0.3536937733898096,
            1.9631802843112665,
            0.2888364616089762,
            -1.7809666678363292,
            -3.1242147601266796,
            -0.9608383965434725,
            -0.8707947150353649,
            1.1824940830601052,
            0.43596803928503186,
            1.046063884256661,
            -1.7124534336882367,
            -0.0533214093784156,
            2.2323512366004317,
            1.2913705408853442,
            1.4046797161408662,
            -0.7218837502156916,
            -0.5958309701184624,
            1.7357407921726928,
            -0.9583573676845759,
            -3.197175141333902,
            1.9431881684167283,
            -0.11936454974973218,
            0.9252770003566057,
            -2.903500214314745,
            0.47804616169038777,
            1.6945946537729506,
            -1.0869431882029403,
            5.003506857766844,
            0.8076716680873466,
            -0.8388169701582638,
            3.3856254137542816,
            2.2142599522914357,
            -0.2573402198907825,
            0.5845666255479571,
            -2.3470866521089495,
            -2.4939199726030536,
            -0.9366762833220451,
            0.1551632780613456,
            -0.27951590206024024,
            1.1465025393599086,
            0.9820762409627795,
            -1.6055783939306612,
            -0.042210982671858965,
            1.5309547060186046,
            1.325163761386023,
            0.5981980092183568,
            -1.9078359567020529,
            -0.5014276700980108,
            1.1714586760519137,
            2.875827058504403,
            1.6225357942965124,
            -0.4416263994695111,
            0.7144149378518994,
            -1.9590417064283463,
            -2.184300248262682,
            -0.07563473424888809,
            0.7050242497955685,
            -1.4022008000402806,
            0.541340553416421,
            2.0640515149256853,
            0.29386025284090417,
            -2.8109301739984414,
            -0.6360635996003493,
            2.1322246218196326,
            -0.9166525518608927,
            -1.0065530192132868,
            0.6273185912551074,
