{
    "type": "svm_sgd",
    "dim": 129,
    "weights": [
        [
            0.1256769487922392,
            0.27968764954820013,
            0.015596255111334995,
            -0.03620614893942103,
            0.012986069195897865,
            0.13325336753204486,
            0.16300652976632918,
            0.1220917534279809,
            -0.01914043554565812,
            0.0713593682792781,
            -0.14999298444548212,
            -0.33558230000499734,
            0.0686455260224036,
            0.0775024305792667,
            0.27520175332874125,
            -0.40425175089903465,
            -0.07855275744642337,
            -0.07605165955933683,
            0.08434094561204336,
            0.12243781911280456,
            0.14291700330819984,
            0.2408962888544336,
            0.08558093688460525,
            -0.01653021717020718,
            0.17222855931180572,
            -0.005128712212459711,
            -0.11968736674464825,
            -0.16934295457663104,
            0.04077608982051777,
            -0.2474491729387794,
            -0.09857102297903292,
            -0.09383119532944885,
            -0.2156331380623431,
            0.14755584871741526,
            -0.26304642922475524,
            -0.24468238345458784,
            0.14291342196809478,
            0.03374984184075735,
            0.022245659116402538,
            -0.1601994160004789,
            0.15032575774007392,
            0.08505521750086499,
            -0.14212710809595394,
            -0.09808753325370975,
            -0.18671958719677081,
            -0.15379140458433851,
            0.004649666275547084,
            0.010929600810977045,
            -0.2022453349052973,
            0.3130372385725434,
            0.12231145746055543,
            -0.032705868796302204,
            0.06656539587896151,
            -0.22025427654940477,
            -0.26391867903304816,
            -0.02982882426694164,
            0.12915101914528299,
            -0.26046428298899865,
            -0.1711674418770658,
            0.2225122970083731,
            -0.0017717509922653245,
            -0.13973472265261566,
            -0.02499332398272398,
            -0.012652990707076178,
            0.3998248918005052,
            -0.004584314883193404,
            -0.024788171257342336,
            -0.16258479812509383,
            -0.24745101070805356,
            0.422754615177155,
            -0.06223015877899083,
            0.02328691774731227,
            -0.08378389180221371,
            0.07533341179993693,
            0.28706934622079533,
            -0.06324861654664606,
            -0.07743227686673657,
            0.15123647417703664,
            0.03101407386310406,
            -0.14557035983593714,
            0.009531939552666888,
            -0.11781289059578365,
            0.08652670856631198,
            0.18004238751759893,
            0.142856979805891,
            -0.02336307464920946,
            -0.029272351505295006,
            0.1482642699372115,
            0.16424845453825712,
            -0.3621846250317289,
            0.15935678408504145,
            -0.220630350626834,
            0.15445459144621332,
            -0.36117412724410275,
            -0.10224508377568461,
            0.07173539019929547,
            0.0631069503437933,
            0.006389578620177209,
            -0.014172839684065226,
            -0.13617096938208356,
            0.009032244284173043,
            -0.2397626809980567,
            -0.017942839887648398,
            0.04980514691030796,
            0.0082287196188575,
            0.14878012568768628,
            -0.30549348447026964,
            -0.15361156113735694,
            0.09910802138268991,
            0.07124805004220576,
            0.1142379329425867,
            -0.06684438505354588,
            0.3809147581179009,
            0.0409366455395054,
            0.076726274675896,
            -0.015091741654228092,
            0.18724169229087803,
            -0.05289277068769451,
            0.13493712808744604,
            0.018583939743940875,
            0.06902175866422085,
            0.3024337672164274,
            0.26796783528300466,
            0.16445715588417192,
            0.2662627265856891,
            0.07486067986103052,
            0.20262788100642343,
            -0.2966828367868562,
            1.104275122259038
        ],
        [
            -0.1256769487922392,
            -0.27968764954820013,
            -0.015596255111334995,
            0.03620614893942103,
            -0.012986069195897865,
            -0.13325336753204486,
            -0.16300652976632918,
            -0.1220917534279809,
            0.01914043554565812,
            -0.0713593682792781,
            0.14999298444548212,
            0.33558230000499734,
            -0.0686455260224036,
            -0.0775024305792667,
            -0.27520175332874125,
            0.40425175089903465,
            0.07855275744642337,
            0.07605165955933683,
            -0.08434094561204336,
            -0.12243781911280456,
            -0.14291700330819984,
            -0.2408962888544336,
            -0.08558093688460525,
            0.01653021717020718,
            -0.17222855931180572,
            0.005128712212459711,
            0.11968736674464825,
            0.16934295457663104,
            -0.04077608982051777,
            0.2474491729387794,
            0.09857102297903292,
            0.09383119532944885,
            0.2156331380623431,
            -0.14755584871741526,
            0.26304642922475524,
            0.24468238345458784,
            -0.14291342196809478,
            -0.03374984184075735,
            -0.022245659116402538,
            0.1601994160004789,
            -0.15032575774007392,
            -0.08505521750086499,
            0.14212710809595394,
            0.09808753325370975,
            0.18671958719677081,
            0.15379140458433851,
            -0.004649666275547084,
            -0.010929600810977045,
            0.2022453349052973,
            -0.3130372385725434,
            -0.12231145746055543,
            0.032705868796302204,
            -0.06656539587896151,
            0.22025427654940477,
            0.26391867903304816,
            0.02982882426694164,
            -0.12915101914528299,
            0.26046428298899865,
            0.1711674418770658,
            -0.2225122970083731,
            0.0017717509922653245,
            0.13973472265261566,
            0.02499332398272398,
            0.012652990707076178,
            -0.3998248918005052,
            0.004584314883193404,
            0.024788171257342336,
            0.16258479812509383,
            0.24745101070805356,
            -0.422754615177155,
            0.06223015877899083,
            -0.02328691774731227,
            0.08378389180221371,
            -0.07533341179993693,
            -0.28706934622079533,
            0.06324861654664606,
            0.07743227686673657,
            -0.15123647417703664,
            -0.03101407386310406,
            0.14557035983593714,
            -0.009531939552666888,
            0.11781289059578365,
            -0.08652670856631198,
            -0.18004238751759893,
            -0.142856979805891,
            0.02336307464920946,
            0.029272351505295006,
            -0.1482642699372115,
            -0.16424845453825712,
            0.3621846250317289,
            -0.15935678408504145,
            0.220630350626834,
            -0.15445459144621332,
            0.36117412724410275,
            0.10224508377568461,
            -0.07173539019929547,
            -0.0631069503437933,
            -0.006389578620177209,
            0.014172839684065226,
            0.13617096938208356,
            -0.009032244284173043,
            0.2397626809980567,
            0.017942839887648398,
            -0.04980514691030796,
            -0.0082287196188575,
            -0.14878012568768628,
            0.30549348447026964,
            0.15361156113735694,
