{
    "type": "svm_sgd",
    "dim": 112,
    "weights": [
        [
            -0.2366303833412236,
            -7.770948176542969e-16,
            0.23663038334122188,
            -0.15775358889414823,
            0.23663038334122147,
            1.7622566216758445e-15,
            0.15775358889414767,
            0.078876794447072,
            0.15775358889414476,
            -1.7485185093471497e-15,
            -0.23663038334122113,
            0.31550717778829757,
            0.1577535888941498,
            0.07887679444707467,
            -0.23663038334122152,
            -0.1577535888941455,
            0.5521375611295135,
            0.157753588894146,
            0.15775358889414345,
            -5.550677268959263e-17,
            -0.0788767944470716,
            -0.07887679444707396,
            0.31550717778829623,
            0.07887679444707527,
            -0.1577535888941473,
            0.23663038334122094,
            0.15775358889414665,
            -0.23663038334121994,
            0.0788767944470717,
            0.23663038334121625,
            0.3155071777882954,
            -0.2366303833412178,
            -0.23663038334122263,
            -0.15775358889414462,
            -0.07887679444707264,
            0.709891150023668,
            3.465259971486276e-16,
            -9.848177601102057e-16,
            0.31550717778829634,
            -0.23663038334122144,
            -0.3155071777882936,
            0.07887679444707478,
            -0.07887679444707363,
            0.5521375611295147,
            -0.23663038334122125,
            -0.23663038334121952,
            0.23663038334122255,
            -8.878351420335744e-16,
            -0.07887679444707416,
            0.07887679444707527,
            0.3943839722353685,
            -0.3155071777882946,
            -1.7754461027338911e-15,
            0.07887679444707013,
            0.31550717778829857,
            -0.15775358889414817,
            0.15775358889414834,
            0.1577535888941483,
            -0.47326076668244277,
            0.23663038334122205,
            -0.3155071777882924,
            0.07887679444707368,
            1.1238348160268108e-15,
            -0.15775358889414895,
            0.31550717778829607,
            0.23663038334122224,
            6.938565513282339e-17,
            -0.3155071777882971,
            0.15775358889414812,
            0.5521375611295181,
            -0.07887679444707432,
            0.3155071777882941,
            -0.3155071777882935,
            0.23663038334122052,
            -0.15775358889414842,
            -0.15775358889414676,
            0.23663038334122197,
            -0.23663038334122294,
            -0.15775358889414687,
            0.15775358889414817,
            0.07887679444707253,
            0.15775358889414823,
            0.07887679444707374,
            0.07887679444707413,
            0.15775358889414515,
            -0.07887679444707241,
            0.3155071777882925,
            0.15775358889414523,
            0.07887679444707293,
            0.2366303833412163,
            -1.109653814208682e-16,
            -2.5798025965039828e-15,
            0.39438397223536953,
            -0.1577535888941471,
            0.07887679444707543,
            4.163007951719449e-17,
            0.15775358889414814,
            0.078876794447074,
            -0.07887679444707754,
            -0.0788767944470729,
            0.31550717778829557,
            -9.991219084126675e-16,
            0.2366303833412204,
            0.07887679444707128,
            0.15775358889414764,
            0.07887679444707144,
            0.15775358889414784,
            2.3590378393076876e-16,
            0.23663038334121986,
            -0.07887679444707435,
            0.3155071777882994,
            0.2366303833412223
        ],
        [
            0.2366303833412236,
            7.770948176542969e-16,
            -0.23663038334122188,
            0.15775358889414823,
            -0.23663038334122147,
            -1.7622566216758445e-15,
            -0.15775358889414767,
            -0.078876794447072,
            -0.15775358889414476,
            1.7485185093471497e-15,
            0.23663038334122113,
            -0.31550717778829757,
            -0.1577535888941498,
            -0.07887679444707467,
            0.23663038334122152,
            0.1577535888941455,
            -0.5521375611295135,
            -0.157753588894146,
            -0.15775358889414345,
            5.550677268959263e-17,
            0.0788767944470716,
            0.07887679444707396,
            -0.31550717778829623,
            -0.07887679444707527,
            0.1577535888941473,
            -0.23663038334122094,
            -0.15775358889414665,
            0.23663038334121994,
            -0.0788767944470717,
            -0.23663038334121625,
            -0.3155071777882954,
            0.2366303833412178,
            0.23663038334122263,
            0.15775358889414462,
            0.07887679444707264,
            -0.709891150023668,
            -3.465259971486276e-16,
            9.848177601102057e-16,
            -0.31550717778829634,
            0.23663038334122144,
            0.3155071777882936,
            -0.07887679444707478,
            0.07887679444707363,
            -0.5521375611295147,
            0.23663038334122125,
            0.23663038334121952,
            -0.23663038334122255,
            8.878351420335744e-16,
            0.07887679444707416,
            -0.07887679444707527,
            -0.3943839722353685,
            0.3155071777882946,
            1.7754461027338911e-15,
            -0.07887679444707013,
            -0.31550717778829857,
            0.15775358889414817,
            -0.15775358889414834,
            -0.1577535888941483,
            0.47326076668244277,
            -0.23663038334122205,
            0.3155071777882924,
            -0.07887679444707368,
            -1.1238348160268108e-15,
            0.15775358889414895,
            -0.31550717778829607,
            -0.23663038334122224,
            -6.938565513282339e-17,
            0.3155071777882971,
            -0.15775358889414812,
            -0.5521375611295181,
            0.07887679444707432,
            -0.3155071777882941,
            0.3155071777882935,
            -0.23663038334122052,
            0.15775358889414842,
            0.15775358889414676,
            -0.23663038334122197,
            0.23663038334122294,
            0.15775358889414687,
            -0.15775358889414817,
            -0.07887679444707253,
            -0.15775358889414823,
            -0.07887679444707374,
            -0.07887679444707413,
            -0.15775358889414515,
            0.07887679444707241,
            -0.3155071777882925,
            -0.15775358889414523,
            -0.07887679444707293,
            -0.2366303833412163,
            1.109653814208682e-16,
            2.5798025965039828e-15,
            -0.39438397223536953,
            0.1577535888941471,
            -0.07887679444707543,
            -4.163007951719449e-17,
            -0.15775358889414814,
            -0.078876794447074,
            0.07887679444707754,
            0.0788767944470729,
            -0.31550717778829557,
            9.991219084126675e-16,
            -0.2366303833412204,
            -0.07887679444707128,
            -0.15775358889414764,
            -0.07887679444707144,
            -0.15775358889414784,
            -2.3590378393076876e-16,
            -0.23663038334121986,
            0.07887679444707435,
            -0.3155071777882994,
            -0.2366303833412223
        ]
    ],
    "bias_index": 111,
    "lambda": 0.0001,
    "epochs": 20,
    "eta0": 0.1,
    "goal_column": "173_Diagnosis",
    "classes": [
        "551_0",
        "552_1"
    ],
    "num_classes": 2,
    "label_map": {
        "+1": "551_0",
        "-1": "552_1"
    },
    "feature_index": {
        "CAT::147_Age::440_6": 0,
        "CAT::147_Age::441_4": 1,