{
    "type": "svm_sgd",
    "dim": 129,
    "weights": [
        [
            1.0846384915111942,
            0.15316406741603414,
            -0.39008418006977746,
            0.09363294131508695,
            -0.51982699681024,
            0.24789354256637597,
            -0.059858879553452884,
            -0.10491486342976951,
            -0.3518333938606784,
            0.02482592585063393,
            0.1261347348880893,
            -0.047170701114042674,
            0.22684417454628228,
            0.7559651726541422,
            0.5404309117919941,
            -0.3810637374251028,
            -0.17384835134519275,
            0.26193993620880973,
            -0.14056195425786489,
            -0.007956554255687793,
            0.13103888366225752,
            0.2015247727481914,
            -0.05238908345427109,
            0.38953658836978866,
            0.16303136782030894,
            0.0440647048820155,
            -0.20216039791412688,
            0.1434111981332112,
            -0.09287338491022305,
            0.052201645683762295,
            -0.16840139554750702,
            0.3983205624537468,
            -0.11718944495240763,
            0.01019460018755117,
            -0.09256746739478111,
            0.19208202081746184,
            0.23064263908068755,
            -0.174920729245209,
            -0.06464138586174736,
            0.47636461786740114,
            0.3897635066462491,
            -0.35019911023026,
            -0.17761724026290024,
            0.11558426792071534,
            -0.19097062889002786,
            -0.10450989891000496,
            -0.43843962524613833,
            0.3978935229640802,
            0.19760496326864455,
            -0.431419497965959,
            0.08799915624982045,
            -0.25309881031999965,
            -0.08724967591353332,
            0.26517877322659833,
            -0.23116936422221007,
            0.039289690076505096,
            -0.2655504721033592,
            0.38686630167111663,
            -0.1507768794119447,
            0.1636936228238491,
            -0.254957553529398,
            0.10412070878996402,
            0.31819196633675545,
            -0.051818010036563875,
            -0.04155725301467669,
            -0.3323464204706346,
            0.04406678831744728,
            -0.36766668229673455,
            -0.011454861643381607,
            0.3554100792427691,
            -0.1305399355505413,
            -0.01591577735440811,
            -0.40149889998427346,
            -0.1903049025874336,
            -0.13637932154280996,
            0.04043003750920346,
            0.09550934639653912,
            -0.3140534816174154,
            0.2902004428210651,
            0.42880250924355456,
            0.12301965734348465,
            0.12292984517279218,
            0.24230994917268106,
            0.033973647886147415,
            -0.05344823813991219,
            0.1729486965079913,
            -0.15980257448813576,
            -0.13955790096578705,
            -0.24402238903082651,
            0.13238938139214476,
            0.013130127985815865,
            -0.02731349687523353,
            0.4222751929707302,
            -0.7005921934055394,
            -0.19517835702013125,
            -0.28368897870475646,
            0.2683511527747545,
            0.12304920530931987,
            0.324286198794364,
            0.30998324346197986,
            -0.10718775694258684,
            -0.22550505910157176,
            -0.26042747541939043,
            -0.11360729997008888,
            -0.1371795204179668,
            0.0635003133622411,
            0.6178081828163862,
            0.036873256358095824,
            0.2068869503492169,
            -0.20253310972074007,
            -0.33947897828237555,
            0.2873755501278713,
            0.0072164307079128935,
            0.12513720801748893,
            0.12455107728501111,
            -0.3639398273522346,
            -0.4087734770509217,
            0.13043986329970442,
            0.058599380523578326,
            -0.1296903786386401,
            0.18262646744299282,
            0.014778435242894076,
            -0.018516808962380116,
            0.11681668563213495,
            0.19070929951250395,
            -0.2129199407072619,
            0.2935072189724123,
            -0.10869118712384179,
            0.09982032341784772
        ],
        [
            -1.0846384915111942,
            -0.15316406741603414,
            0.39008418006977746,
            -0.09363294131508695,
            0.51982699681024,
            -0.24789354256637597,
            0.059858879553452884,
            0.10491486342976951,
            0.3518333938606784,
            -0.02482592585063393,
            -0.1261347348880893,
            0.047170701114042674,
            -0.22684417454628228,
            -0.7559651726541422,
            -0.5404309117919941,
            0.3810637374251028,
            0.17384835134519275,
            -0.26193993620880973,
            0.14056195425786489,
            0.007956554255687793,
            -0.13103888366225752,
            -0.2015247727481914,
            0.05238908345427109,
            -0.38953658836978866,
            -0.16303136782030894,
            -0.0440647048820155,
            0.20216039791412688,
            -0.1434111981332112,
            0.09287338491022305,
            -0.052201645683762295,
            0.16840139554750702,
            -0.3983205624537468,
            0.11718944495240763,
            -0.01019460018755117,
            0.09256746739478111,
            -0.19208202081746184,
            -0.23064263908068755,
            0.174920729245209,
            0.06464138586174736,
            -0.47636461786740114,
            -0.3897635066462491,
            0.35019911023026,
            0.17761724026290024,
            -0.11558426792071534,
            0.19097062889002786,
            0.10450989891000496,
            0.43843962524613833,
            -0.3978935229640802,
            -0.19760496326864455,
            0.431419497965959,
            -0.08799915624982045,
            0.25309881031999965,
            0.08724967591353332,
            -0.26517877322659833,
            0.23116936422221007,
            -0.039289690076505096,
            0.2655504721033592,
            -0.38686630167111663,
            0.1507768794119447,
            -0.1636936228238491,
            0.254957553529398,
            -0.10412070878996402,
            -0.31819196633675545,
            0.051818010036563875,
            0.04155725301467669,
            0.3323464204706346,
            -0.04406678831744728,
            0.36766668229673455,
            0.011454861643381607,
            -0.3554100792427691,
            0.1305399355505413,
            0.01591577735440811,
            0.40149889998427346,
            0.1903049025874336,
            0.13637932154280996,
            -0.04043003750920346,
            -0.09550934639653912,
            0.3140534816174154,
            -0.2902004428210651,
            -0.42880250924355456,
            -0.12301965734348465,
            -0.12292984517279218,
            -0.24230994917268106,
            -0.033973647886147415,
            0.05344823813991219,
            -0.1729486965079913,
            0.15980257448813576,
            0.13955790096578705,
            0.24402238903082651,
            -0.13238938139214476,
            -0.013130127985815865,
            0.02731349687523353,
            -0.4222751929707302,
            0.7005921934055394,
            0.19517835702013125,
            0.28368897870475646,
            -0.2683511527747545,
            -0.12304920530931987,
            -0.324286198794364,
            -0.30998324346197986,
            0.10718775694258684,
            0.22550505910157176,
            0.26042747541939043,
            0.11360729997008888,
            0.1371795204179668,
            -0.0635003133622411,
            -0.6178081828163862,
            -0.036873256358095824,
            -0.2068869503492169,
