{
    "type": "svm_sgd",
    "dim": 28,
    "weights": [
        [
            0.563274502440858,
            -1.7837025910627113,
            0.2816372512204288,
            -0.3755163349605701,
            2.4408561772437,
            0.37551633496057074,
            0.37551633496057285,
            -1.6898235073225658,
            1.1102021792810967e-16,
            0.1877581674802855,
            0.18775816748028423,
            0.18775816748028423,
            -4.995909806764936e-16,
            0.18775816748028593,
            0.2816372512204268,
            -0.09387908374014345,
            0.37551633496057124,
            -0.18775816748028384,
            -0.37551633496056813,
            1.942817334389815e-16,
            0.5632745024408555,
            0.6571535861810002,
            -0.46939541870071116,
            0.5632745024408573,
            0.7510326699211417,
            -1.2204280886218473,
            0.09387908374014353,
            0.18775816748028423
        ],
        [
            -0.563274502440858,
            1.7837025910627113,
            -0.2816372512204288,
            0.3755163349605701,
            -2.4408561772437,
            -0.37551633496057074,
            -0.37551633496057285,
            1.6898235073225658,
            -1.1102021792810967e-16,
            -0.1877581674802855,
            -0.18775816748028423,
            -0.18775816748028423,
            4.995909806764936e-16,
            -0.18775816748028593,
            -0.2816372512204268,
            0.09387908374014345,
            -0.37551633496057124,
            0.18775816748028384,
            0.37551633496056813,
            -1.942817334389815e-16,
            -0.5632745024408555,
            -0.6571535861810002,
            0.46939541870071116,
            -0.5632745024408573,
            -0.7510326699211417,
            1.2204280886218473,
            -0.09387908374014353,
            -0.18775816748028423
        ]
    ],
    "bias_index": 27,
    "lambda": 0.0001,
    "epochs": 20,
    "eta0": 0.1,
    "goal_column": "291_Dataset",
    "classes": [
        "1027_1",
        "1026_2"
    ],
    "num_classes": 2,
    "label_map": {
        "+1": "1027_1",
        "-1": "1026_2"
    },
    "feature_index": {
        "CAT::281_Age::999_5": 0,
        "CAT::281_Age::1000_3": 1,
        "CAT::281_Age::1001_4": 2,
        "CAT::281_Age::1002_2": 3,
        "CAT::281_Age::1003_7": 4,
        "CAT::281_Age::1004_6": 5,
        "CAT::281_Age::1005_8": 6,
        "CAT::281_Age::1006_1": 7,
        "CAT::282_Gender::1007_Male": 8,
        "CAT::282_Gender::1008_Female": 9,
        "CAT::283_Total_Bilirubin::1009_3": 10,
        "CAT::284_Direct_Bilirubin::1010_2": 11,
        "CAT::285_Alkaline_Phosphotase::1011_2": 12,
        "CAT::285_Alkaline_Phosphotase::1012_1": 13,
        "CAT::286_Alamine_Aminotransferase::1013_3": 14,
        "CAT::286_Alamine_Aminotransferase::1014_2": 15,
        "CAT::287_Aspartate_Aminotransferase::1015_3": 16,
        "CAT::287_Aspartate_Aminotransferase::1016_2": 17,
        "CAT::288_Total_Protiens::1017_1": 18,
        "CAT::288_Total_Protiens::1018_2": 19,
        "CAT::288_Total_Protiens::1019_3": 20,
        "CAT::289_Albumin::1020_1": 21,
        "CAT::289_Albumin::1021_2": 22,
        "CAT::290_Albumin_and_Globulin_Ratio::1022_1": 23,
        "CAT::290_Albumin_and_Globulin_Ratio::1023_2": 24,
        "CAT::290_Albumin_and_Globulin_Ratio::1024_0": 25,
        "CAT::290_Albumin_and_Globulin_Ratio::1025_3": 26
    },
    "numeric_minmax": [],
    "kernel": "sgd",
    "kernel_meta": {
        "type": "sgd"
    }
}