{
    "type": "svm_sgd",
    "dim": 129,
    "weights": [
        [
            1.236587042658096,
            -1.1099489134305098,
            1.2863018563544466,
            -1.2424474074154996,
            -0.27721197119890534,
            0.4467010477441193,
            -0.6674607691911228,
            0.5160357397700219,
            -1.253202445726766,
            0.7728025905548327,
            0.10424011444771106,
            0.9277307933544567,
            -1.535007491185324,
            0.45665163596104896,
            1.6644324064803906,
            -0.3427289010426613,
            1.9653265524213155,
            -0.4823445956276793,
            0.3564739825450877,
            0.8627095453317675,
            -0.37278719327803983,
            1.4829456493856428,
            -1.4076531965315686,
            -0.21115931069735724,
            -2.3590531769149665,
            2.001287327733828,
            0.459102540353824,
            -1.7028835329436756,
            -0.26258915025374524,
            1.1151169394003448,
            1.852628979214385,
            0.5040626425091181,
            0.2798222727128044,
            -1.0660955533632552,
            0.14580585655493888,
            -0.44343288681827525,
            1.0238792531776306,
            -0.22630511617064344,
            0.09331629530772476,
            -1.359150241283093,
            0.3766374225636635,
            0.3415346225840326,
            0.5824699351464843,
            -0.2896717022877863,
            1.354292257087717,
            1.7718562220007328,
            -0.9887377575747399,
            -0.2967300099980112,
            1.2549456871172775,
            0.5326055130626375,
            0.03653642589837674,
            0.20814136814325704,
            1.7349052243440906,
            0.8894799459673446,
            -0.6146698960075415,
            0.18238662739717476,
            -2.316348087539775,
            -0.10587553365832016,
            -0.5132609348892759,
            0.34573751061566094,
            1.1859337762195963,
            -0.5820658805012152,
            -0.6051621609045768,
            -1.3525113461143579,
            0.5381320832332391,
            0.6915078792405965,
            -0.112037435963295,
            0.27801405913592303,
            0.9422597585580922,
            1.841907127179623,
            -1.3840793779989575,
            1.945537939214142,
            -0.4063155677455421,
            1.397365276433956,
            -0.6937822135846488,
            -2.0286145589561952,
            1.0038141270317715,
            1.7624616418182684,
            0.47444721679539476,
            0.43188914808119655,
            0.2143127050206479,
            1.9733238276470966,
            -0.3138961832272949,
            0.8066390351193402,
            0.08636921305738285,
            -0.02518720469392235,
            -0.1664579542666349,
            -0.12085460720169604,
            -0.9976066446323224,
            -0.8973363502104598,
            0.3568631006212308,
            1.4601651622104421,
            -0.890052083167057,
            -0.9748398770851563,
            0.9569259757573425,
            0.21991319227801115,
            -0.30482072260924437,
            -2.5428034109768674,
            0.6720344777145472,
            -1.545208424030775,
            -3.3149054482623073,
            -0.7367478916207277,
            -0.11762863607564625,
            -0.25157138218429165,
            -0.38250245915589504,
            1.116873710519249,
            1.1195032129220963,
            -0.8022212831840059,
            -1.5117741183426037,
            -0.7251468403260163,
            -1.143942492498377,
            1.3524795096116804,
            0.6234986104911051,
            1.5079314395059975,
            0.7243606640573862,
            -0.8223223540883006,
            -1.8919079744301457,
            -0.516215838227644,
            -0.9232396731165092,
            1.613169084569134,
            -1.4448415271602777,
            1.0530337946789168,
            -0.47730773985561936,
            1.311988344983599,
            0.634318030846166,
            -0.2741063838391287,
            0.03197071181894599,
            -1.1091693234743514,
            0.19346101760495227
        ],
        [
            -1.236587042658096,
            1.1099489134305098,
            -1.2863018563544466,
            1.2424474074154996,
            0.27721197119890534,
            -0.4467010477441193,
            0.6674607691911228,
            -0.5160357397700219,
            1.253202445726766,
            -0.7728025905548327,
            -0.10424011444771106,
            -0.9277307933544567,
            1.535007491185324,
            -0.45665163596104896,
            -1.6644324064803906,
            0.3427289010426613,
            -1.9653265524213155,
            0.4823445956276793,
            -0.3564739825450877,
            -0.8627095453317675,
            0.37278719327803983,
            -1.4829456493856428,
            1.4076531965315686,
            0.21115931069735724,
            2.3590531769149665,
            -2.001287327733828,
            -0.459102540353824,
            1.7028835329436756,
            0.26258915025374524,
            -1.1151169394003448,
            -1.852628979214385,
            -0.5040626425091181,
            -0.2798222727128044,
            1.0660955533632552,
            -0.14580585655493888,
            0.44343288681827525,
            -1.0238792531776306,
            0.22630511617064344,
            -0.09331629530772476,
            1.359150241283093,
            -0.3766374225636635,
            -0.3415346225840326,
            -0.5824699351464843,
            0.2896717022877863,
            -1.354292257087717,
            -1.7718562220007328,
            0.9887377575747399,
            0.2967300099980112,
            -1.2549456871172775,
            -0.5326055130626375,
            -0.03653642589837674,
            -0.20814136814325704,
            -1.7349052243440906,
            -0.8894799459673446,
            0.6146698960075415,
            -0.18238662739717476,
            2.316348087539775,
            0.10587553365832016,
            0.5132609348892759,
            -0.34573751061566094,
            -1.1859337762195963,
            0.5820658805012152,
            0.6051621609045768,
            1.3525113461143579,
            -0.5381320832332391,
            -0.6915078792405965,
            0.112037435963295,
            -0.27801405913592303,
            -0.9422597585580922,
            -1.841907127179623,
            1.3840793779989575,
            -1.945537939214142,
            0.4063155677455421,
            -1.397365276433956,
            0.6937822135846488,
            2.0286145589561952,
            -1.0038141270317715,
            -1.7624616418182684,
            -0.47444721679539476,
            -0.43188914808119655,
            -0.2143127050206479,
            -1.9733238276470966,
            0.3138961832272949,
            -0.8066390351193402,
            -0.08636921305738285,
            0.02518720469392235,
            0.1664579542666349,
            0.12085460720169604,
            0.9976066446323224,
            0.8973363502104598,
            -0.3568631006212308,
            -1.4601651622104421,
            0.890052083167057,
            0.9748398770851563,
            -0.9569259757573425,
            -0.21991319227801115,
            0.30482072260924437,
            2.5428034109768674,
            -0.6720344777145472,
            1.545208424030775,
            3.3149054482623073,
            0.7367478916207277,
            0.11762863607564625,
            0.25157138218429165,
            0.38250245915589504,
            -1.116873710519249,
            -1.1195032129220963,
            0.8022212831840059,
            1.5117741183426037,
            0.7251468403260163,
            1.143942492498377,
            -1.3524795096116804,
            -0.6234986104911051,
